"sampledate","year","daynum","stratFlag","thermocline","layer","temp","o2","tp","doc"
1995-05-09,1995,129,FALSE,NA,"all",7.70570195868335,13.1009464285645,85.125206315528,NA
1995-05-23,1995,143,TRUE,12.0252866800976,"all",12.663463276798,9.19999228030081,NA,NA
1995-05-23,1995,143,TRUE,12.0252866800976,"epi",13.4061992958824,9.33473136384509,83.632098576458,NA
1995-05-23,1995,143,TRUE,12.0252866800976,"hypo",10.6797123538635,8.84012178194287,NA,NA
1995-06-06,1995,157,TRUE,8.10565998318678,"all",14.5134542574952,8.16673824968286,102.290901220056,NA
1995-06-06,1995,157,TRUE,8.10565998318678,"epi",16.6908629441624,9.80374365482234,75.5305097292724,NA
1995-06-06,1995,157,TRUE,8.10565998318678,"hypo",12.0917323425713,6.34605484341653,132.053906631947,NA
1995-06-21,1995,172,TRUE,5.43360216241796,"all",17.7251787010444,8.02096799697625,NA,NA
1995-06-21,1995,172,TRUE,5.43360216241796,"epi",24.1133439490446,14.4978025477707,44.409076433121,NA
1995-06-21,1995,172,TRUE,5.43360216241796,"hypo",14.2898695373365,4.53797589824658,NA,NA
1995-07-06,1995,187,TRUE,12.7297497600317,"all",18.703756989297,5.73140521530346,99.9664180656312,NA
1995-07-06,1995,187,TRUE,12.7297497600317,"epi",21.0916424307363,7.68855043624675,42.4308510638298,NA
1995-07-06,1995,187,TRUE,12.7297497600317,"hypo",12.3260267774835,0.50412588778557,253.636404721288,NA
1995-07-18,1995,199,TRUE,9.85550915988064,"all",19.6495737940773,4.58727211230989,NA,NA
1995-07-18,1995,199,TRUE,9.85550915988064,"epi",24.4602912993484,7.53541586814872,29.1938482177079,NA
1995-07-18,1995,199,TRUE,9.85550915988064,"hypo",12.9752343836917,0.497048141453776,NA,NA
1995-08-02,1995,214,TRUE,9.56668331719496,"all",19.8566453899831,3.12742415422554,139.615945346615,NA
1995-08-02,1995,214,TRUE,9.56668331719496,"epi",24.3668838635493,5.23744729781525,33.7695956305098,NA
1995-08-02,1995,214,TRUE,9.56668331719496,"hypo",13.5991874616439,0.2,286.466069591404,NA
1995-08-14,1995,226,TRUE,9.17537335467311,"all",20.5262400679876,3.26884270562806,NA,NA
1995-08-14,1995,226,TRUE,9.17537335467311,"epi",25.4420467612112,5.48079724032196,23.8061517822921,NA
1995-08-14,1995,226,TRUE,9.17537335467311,"hypo",13.7061010117099,0.2,NA,NA
1995-08-30,1995,242,TRUE,10.3871416651671,"all",20.131620164708,4.17266094058445,136.344219817245,NA
1995-08-30,1995,242,TRUE,10.3871416651671,"epi",24.0998592788039,6.36425681618294,25.1709762532982,NA
1995-08-30,1995,242,TRUE,10.3871416651671,"hypo",13.2830158963304,0.390284819431226,328.213088731134,NA
1995-09-11,1995,254,TRUE,12.1135035601397,"all",18.1602471172358,4.75628788504345,NA,NA
1995-09-11,1995,254,TRUE,12.1135035601397,"epi",20.3729527016685,6.45634471146487,30.9161947038114,NA
1995-09-11,1995,254,TRUE,12.1135035601397,"hypo",12.2503994290742,0.215658089531803,NA,NA
1995-09-25,1995,268,TRUE,14.5515529176079,"all",15.1717695294941,5.95921426364928,NA,NA
1995-09-25,1995,268,TRUE,14.5515529176079,"epi",15.9851979109401,7.28407091808686,58.7219626168224,NA
1995-09-25,1995,268,TRUE,14.5515529176079,"hypo",11.6964698042094,0.29888316108374,NA,NA
1995-10-11,1995,284,TRUE,18.8172149919882,"all",14.9641424156134,7.45865407055409,NA,NA
1995-10-11,1995,284,TRUE,18.8172149919882,"epi",15.065859992917,7.72140243182623,109.477629559674,NA
1995-10-11,1995,284,TRUE,18.8172149919882,"hypo",13.2680485328934,3.07744582649199,NA,NA
1995-10-25,1995,298,FALSE,NA,"all",11.431974090972,8.53488108962323,155.76083358625,NA
1995-11-10,1995,314,FALSE,NA,"all",7.4,11.2446322676023,143.774697015682,NA
1995-12-06,1995,340,FALSE,NA,"all",2.3,11.3337954476477,123.774697015682,NA
1996-04-09,1996,100,FALSE,NA,"all",3.78764920880859,15.0421847831302,124.774697015682,NA
1996-04-17,1996,108,FALSE,NA,"all",4.5,13.9475216673396,122.549394031364,6.33351817905909
1996-05-01,1996,122,FALSE,NA,"all",7.29655842185067,11.481033342259,106.310227617613,6.31739937465418
1996-05-14,1996,135,FALSE,NA,"all",8.88774721616362,9.54780855967334,99.7885604451138,NA
1996-05-28,1996,149,TRUE,19.0728662907424,"all",11.4945822620894,9.85575686762671,NA,NA
1996-05-28,1996,149,TRUE,19.0728662907424,"epi",11.5763667820069,9.95943483275663,109.583333333333,NA
1996-05-28,1996,149,TRUE,19.0728662907424,"hypo",9.2,6.94692253080456,NA,NA
1996-06-10,1996,162,TRUE,12.9264406276418,"all",13.583231358526,8.54189745110479,115.60312809817,6.60222201287248
1996-06-10,1996,162,TRUE,12.9264406276418,"epi",14.3506505433951,9.0723251186285,104.451400581662,6.65590846471759
1996-06-10,1996,162,TRUE,12.9264406276418,"hypo",11.5335549228279,7.12519441265891,145.387936138658,6.45883251019547
1996-06-26,1996,178,TRUE,9.08095553404987,"all",16.636895346972,7.11336360250157,NA,NA
1996-06-26,1996,178,TRUE,9.08095553404987,"epi",19.5386163280951,8.14472978152549,88,NA
1996-06-26,1996,178,TRUE,9.08095553404987,"hypo",12.6110778507189,5.6824568972844,NA,NA
1996-07-08,1996,190,TRUE,9.66165640963307,"all",18.8625694211646,6.47603458539577,124.593611369162,7.10078172275012
1996-07-08,1996,190,TRUE,9.66165640963307,"epi",23.4581065542353,9.66481410502108,83.9939152932158,7.29614220007666
1996-07-08,1996,190,TRUE,9.66165640963307,"hypo",12.4867690201774,2.05195505972304,180.921207257396,6.82974062927009
1996-07-22,1996,204,TRUE,10.3820656379588,"all",18.3871525042679,6.10703663195654,NA,NA
1996-07-22,1996,204,TRUE,10.3820656379588,"epi",21.8372383465259,9.23060686015831,54.3558487247142,NA
1996-07-22,1996,204,TRUE,10.3820656379588,"hypo",12.4328055140309,0.716208160594678,NA,NA
1996-08-05,1996,218,TRUE,10.1276081825576,"all",18.0529955470118,5.52757517538392,133.52480968026,3.36193191494387
1996-08-05,1996,218,TRUE,10.1276081825576,"epi",21.437889182058,8.60872471416007,54.7135444151275,3.52761037818821
1996-08-05,1996,218,TRUE,10.1276081825576,"hypo",12.2111608363372,0.209958651768838,269.541605082973,3.07599495451149
1996-08-19,1996,232,TRUE,10.1964117004648,"all",18.5675062624513,4.52876951374289,NA,NA
1996-08-19,1996,232,TRUE,10.1964117004648,"epi",22.2712401055409,6.8051890941073,25.4233948988566,NA
1996-08-19,1996,232,TRUE,10.1964117004648,"hypo",12.1753996687191,0.6,NA,NA
1996-09-05,1996,249,TRUE,9.18193083555965,"all",19.1773169105062,3.55313854234999,143.876323431595,6.19411775389644
1996-09-05,1996,249,TRUE,9.18193083555965,"epi",23.499482560368,5.9759294748946,19.0170084323496,6.2393603871215
1996-09-05,1996,249,TRUE,9.18193083555965,"hypo",13.1807892608409,0.191783612136558,317.104837876706,6.13134859531815
1996-09-16,1996,260,TRUE,12.1954033976478,"all",16.733865395259,4.8571229428792,NA,NA
1996-09-16,1996,260,TRUE,12.1954033976478,"epi",18.5558701974591,6.63350681157202,31.5355120159192,NA
1996-09-16,1996,260,TRUE,12.1954033976478,"hypo",11.8675284800105,0.11263358399618,NA,NA
1996-10-16,1996,290,TRUE,14.3685948159182,"all",13.7517259151352,6.84019013950319,NA,NA
1996-10-16,1996,290,TRUE,14.3685948159182,"epi",13.938785046729,7.7774463991204,105.668224299065,NA
1996-10-16,1996,290,TRUE,14.3685948159182,"hypo",12.9525325706834,2.83584692273636,NA,NA
1996-11-08,1996,313,FALSE,NA,"all",9,10.2560081168725,134.900557634241,5.51248323817724
1996-11-25,1996,330,FALSE,NA,"all",4.19769440328421,11.2085866831888,133.774697015682,6.78268637329317
1997-01-14,1997,14,FALSE,NA,"all",0.707476315352317,12.8898352030509,124.253029843182,NA
1997-02-17,1997,48,FALSE,NA,"all",1.11635189454568,13.2699060818106,123.83284160131,6.29721150085376
1997-04-09,1997,99,FALSE,NA,"all",3.78513178507803,14.3298025843909,153.324091047045,6.5698700859892
1997-04-21,1997,111,FALSE,NA,"all",4.98216843317218,12.1751166623697,141.986136570568,NA
1997-05-02,1997,122,FALSE,NA,"all",7.65307817618524,11.6529449765709,146.958409711704,6.25820922547027
1997-05-13,1997,133,TRUE,11.0847098548322,"all",9.95704319675983,11.3433437121683,NA,NA
1997-05-13,1997,133,TRUE,11.0847098548322,"epi",10.022309325494,11.6094561489466,126.678425608362,6.98548505634493
1997-05-13,1997,133,TRUE,11.0847098548322,"hypo",9.81711962912416,10.77282723956,NA,NA
1997-05-28,1997,148,TRUE,13.1419542067442,"all",11.5056447149084,9.63716196326232,NA,NA
1997-05-28,1997,148,TRUE,13.1419542067442,"epi",11.6507518796992,9.71594852515905,159.268724696356,NA
1997-05-28,1997,148,TRUE,13.1419542067442,"hypo",11.0191922536824,9.37304049826488,NA,NA
1997-06-11,1997,162,TRUE,8.60855698715275,"all",14.3886658048302,9.50210713864331,125.53446584542,6.60842661538612
1997-06-11,1997,162,TRUE,8.60855698715275,"epi",16.2267131979695,10.8449450084602,117.634094754653,6.81097054780034
1997-06-11,1997,162,TRUE,8.60855698715275,"hypo",12.3443827633001,8.00859794239641,134.32128750352,6.38315651204454
1997-06-25,1997,176,TRUE,9.55254622737093,"all",17.9603820978908,7.67520331559035,NA,NA
1997-06-25,1997,176,TRUE,9.55254622737093,"epi",21.5683403602913,9.29622460712917,68,NA
1997-06-25,1997,176,TRUE,9.55254622737093,"hypo",12.9547383461262,5.42621524274323,NA,NA
1997-07-24,1997,205,TRUE,10.667461149087,"all",19.3738891409908,5.68698009948411,NA,NA
1997-07-24,1997,205,TRUE,10.667461149087,"epi",22.5458575197889,8.60970976253298,49.8896218117854,NA
1997-07-24,1997,205,TRUE,10.667461149087,"hypo",13.8995324922117,0.642773268658883,NA,NA
1997-08-06,1997,218,TRUE,10.8648927258658,"all",19.5027223547812,5.36779225869615,175.358964709243,6.32359281859668
1997-08-06,1997,218,TRUE,10.8648927258658,"epi",23.0997537379068,8.30481970096746,69.6095426561126,6.33019217238347
1997-08-06,1997,218,TRUE,10.8648927258658,"hypo",13.2947687069136,0.298909537886563,357.867105581833,6.31220329260965
1997-08-18,1997,230,TRUE,11.6592930731066,"all",18.8376497737366,4.9913692193484,NA,NA
1997-08-18,1997,230,TRUE,11.6592930731066,"epi",21.3435080842724,7.22626163645272,49.6431487832762,NA
1997-08-18,1997,230,TRUE,11.6592930731066,"hypo",13.4653587921841,0.2,NA,NA
1997-09-02,1997,245,TRUE,11.0806074582462,"all",18.7261231259382,6.52596943321874,186.986937983195,6.77039967529909
1997-09-02,1997,245,TRUE,11.0806074582462,"epi",21.1748652621264,9.33784092764984,70.6170994610485,6.44747570635309
1997-09-02,1997,245,TRUE,11.0806074582462,"hypo",13.4762830854696,0.49761906428393,436.471368682542,7.46271396888927
1997-10-01,1997,274,TRUE,15.7773460816115,"all",16.8157153059195,7.6732100021753,306.846213824945,6.25297608795055
1997-10-01,1997,274,TRUE,15.7773460816115,"epi",17.3955619747899,9.00072216386555,247.055245535714,6.29893415178571
1997-10-01,1997,274,TRUE,15.7773460816115,"hypo",13.5757685241285,0.255613270205964,640.933767809231,5.99618116437162
1997-10-30,1997,303,FALSE,NA,"all",11.1899982406655,8.78274644781139,175.986136570568,6.17182840667671
1997-11-30,1997,334,FALSE,NA,"all",4.74107352477339,12.1572891028835,156.835820608302,6.66033795728673
1998-02-06,1998,37,FALSE,NA,"all",0.5939873164265,14.0367906551459,143.150201989545,NA
1998-03-13,1998,72,FALSE,NA,"all",0.7,8.64999922357896,136.324091047045,NA
1998-03-26,1998,85,FALSE,NA,"all",2.05265608056632,16.6325095721276,137.112651492159,NA
1998-04-10,1998,100,FALSE,NA,"all",5.4975048504152,8.83176226395727,149.324091047045,7.20195743044559
1998-04-24,1998,114,TRUE,5.74810928081696,"all",8.41003094058152,NA,157.215488438845,6.10045065259585
1998-04-24,1998,114,TRUE,5.74810928081696,"epi",9.82843949044586,NA,143.483539012739,6.07516042993631
1998-04-24,1998,114,TRUE,5.74810928081696,"hypo",7.64726546723126,NA,164.600001811263,6.11405076002603
1998-05-11,1998,131,TRUE,9.68430189395835,"all",11.4186911306787,10.1269249896168,NA,NA
1998-05-11,1998,131,TRUE,9.68430189395835,"epi",12.9324262169414,10.3061517822921,103.255366040629,NA
1998-05-11,1998,131,TRUE,9.68430189395835,"hypo",9.3185508226985,9.87826760234795,NA,NA
1998-05-28,1998,148,TRUE,9.28250303403397,"all",14.2740038511708,8.2992616193073,NA,NA
1998-05-28,1998,148,TRUE,9.28250303403397,"epi",17.4463395937141,9.46389421234189,122.439919509391,6.62283250287466
1998-05-28,1998,148,TRUE,9.28250303403397,"hypo",9.87273825072118,6.68346247795402,NA,NA
1998-06-08,1998,159,TRUE,10.9774007201642,"all",14.4169267979322,7.02610174231275,118.204696978295,7.83931096409108
1998-06-08,1998,159,TRUE,10.9774007201642,"epi",16.9867722075638,8.52379947229552,92.9002638522427,7.05754947229551
1998-06-08,1998,159,TRUE,10.9774007201642,"hypo",9.9817469271035,4.44129302202565,161.876472728995,9.18851773707664
1998-06-22,1998,173,TRUE,9.08828602982074,"all",16.9813503119286,6.94002375130028,NA,NA
1998-06-22,1998,173,TRUE,9.08828602982074,"epi",20.2770601763128,9.22431966270602,93.9570716749713,NA
1998-06-22,1998,173,TRUE,9.08828602982074,"hypo",12.408916738568,3.77081537234797,NA,NA
1998-07-06,1998,187,TRUE,10.4557122692078,"all",18.4904245773931,5.62392154758974,123.643022042097,7.26448949474942
1998-07-06,1998,187,TRUE,10.4557122692078,"epi",21.6722955145119,8.13116974494283,90.1054089709763,7.01172823218997
1998-07-06,1998,187,TRUE,10.4557122692078,"hypo",12.9989775514386,1.29677537202802,181.524070392785,7.70071871679807
1998-07-23,1998,204,TRUE,10.307581787124,"all",19.5499727250301,4.54752389920896,NA,NA
1998-07-23,1998,204,TRUE,10.307581787124,"epi",23.9284960422164,6.93771328056288,51.5766051011434,NA
1998-07-23,1998,204,TRUE,10.307581787124,"hypo",11.9932775216704,0.42240423562214,NA,NA
1998-08-02,1998,214,TRUE,9.82888325835668,"all",18.861512068312,4.45214578445325,176.521783760947,8.66513710531343
1998-08-02,1998,214,TRUE,9.82888325835668,"epi",23.2764277500958,7.44492142583365,33.831784208509,10.3086616040629
1998-08-02,1998,214,TRUE,9.82888325835668,"hypo",12.7363039894398,0.3,374.488404423503,6.38492831693245
1998-08-18,1998,230,TRUE,10.5578837019738,"all",18.9318429061655,4.23173242038856,NA,NA
1998-08-18,1998,230,TRUE,10.5578837019738,"epi",22.5046789797713,6.38401055408971,32.7545294635004,NA
1998-08-18,1998,230,TRUE,10.5578837019738,"hypo",12.7656468478201,0.517213010295059,NA,NA
1998-09-02,1998,245,TRUE,11.8556704145506,"all",19.2921610702417,5.25553100934794,113.525034397434,6.29563338087635
1998-09-02,1998,245,TRUE,11.8556704145506,"epi",22.6637922586967,7.26153846153846,33.8331700146987,6.35305977462028
1998-09-02,1998,245,TRUE,11.8556704145506,"hypo",12.0637460594245,0.954866562751194,284.375829323239,6.17251736273737
1998-09-28,1998,271,TRUE,12.7656920311216,"all",17.4821637635089,5.52189504558615,NA,NA
1998-09-28,1998,271,TRUE,12.7656920311216,"epi",19.679932649625,7.48611663860401,42.3934639522425,NA
1998-09-28,1998,271,TRUE,12.7656920311216,"hypo",11.6122100461656,0.275715652266603,NA,NA
1998-10-27,1998,300,TRUE,16.9836361831928,"all",13.2209087439619,8.10125203853121,328.637485014665,6.71161143412267
1998-10-27,1998,300,TRUE,16.9836361831928,"epi",13.4374180534544,8.86656580937973,279.689958396369,6.70077061270802
1998-10-27,1998,300,TRUE,16.9836361831928,"hypo",11.5806804204378,2.30339823597828,699.453500797057,6.79373918362342
1998-11-23,1998,327,FALSE,NA,"all",7.1,10.7611202559535,160.422879109772,7.22071061203863
1999-01-25,1999,25,FALSE,NA,"all",1.61401333187142,12.778246408047,146.074744132516,5.85831752626863
1999-02-22,1999,53,FALSE,NA,"all",2.80201670071123,11.3726794355873,143.760565080332,5.88426918900682
1999-03-29,1999,88,FALSE,NA,"all",3.89566767865053,13.7,147.986136570568,NA
1999-04-12,1999,102,FALSE,NA,"all",6.72210708966247,11.9469761733986,117.597105257141,5.94338423349473
1999-04-26,1999,116,TRUE,5.35841603401644,"all",8.33803176809722,11.3282977437719,NA,NA
1999-04-26,1999,116,TRUE,5.35841603401644,"epi",8.99509554140127,11.540923566879,110.067197452229,NA
1999-04-26,1999,116,TRUE,5.35841603401644,"hypo",7.98468818446364,11.2139557676013,NA,NA
1999-05-10,1999,130,TRUE,14.2271847848236,"all",11.367452352559,9.87286675101834,115.705314150882,6.51095436345053
1999-05-10,1999,130,TRUE,14.2271847848236,"epi",11.6967702034085,10.0044117647059,113.009998625618,6.52989984194612
1999-05-10,1999,130,TRUE,14.2271847848236,"hypo",9.96047140292229,9.31085249093289,127.220807731094,6.43001150761595
1999-05-26,1999,146,TRUE,16.1931054959792,"all",13.8812482916635,9.65760228227312,NA,NA
1999-05-26,1999,146,TRUE,16.1931054959792,"epi",14.2554336863338,10.0317070095814,108.61743570348,NA
1999-05-26,1999,146,TRUE,16.1931054959792,"hypo",11.0464995964404,6.82346470576937,NA,NA
1999-06-07,1999,158,TRUE,10.7724343236174,"all",16.496101362171,7.98290415344091,129.386164532862,6.23557249021115
1999-06-07,1999,158,TRUE,10.7724343236174,"epi",18.5312576956904,8.89423043095866,117.149428320141,6.3608109058927
1999-06-07,1999,158,TRUE,10.7724343236174,"hypo",12.9837171656023,6.41008738140657,150.504993677953,6.01942917738638
1999-06-21,1999,172,TRUE,10.2953714333923,"all",17.7950411139468,8.47923315493142,NA,NA
1999-06-21,1999,172,TRUE,10.2953714333923,"epi",20.3383465259455,10.9667018469657,85.9324538258575,NA
1999-06-21,1999,172,TRUE,10.2953714333923,"hypo",13.4056654237244,4.1862235322986,NA,NA
1999-07-06,1999,187,TRUE,10.3292682409641,"all",20.0308980360116,6.1636352363216,136.790346550949,6.34067486236881
1999-07-06,1999,187,TRUE,10.3292682409641,"epi",23.7171855760774,8.95317502198769,73.5683377308707,6.59814248021108
1999-07-06,1999,187,TRUE,10.3292682409641,"hypo",13.6689012269777,1.34929478615581,245.90234988829,5.89632315476628
1999-07-19,1999,200,TRUE,11.5852985989439,"all",20.579766398649,5.94000236767487,NA,NA
1999-07-19,1999,200,TRUE,11.5852985989439,"epi",23.7737546954107,8.66019924873428,48.1651967989548,NA
1999-07-19,1999,200,TRUE,11.5852985989439,"hypo",13.7321986611865,0.108192520039049,NA,NA
1999-08-02,1999,214,TRUE,10.9114353711826,"all",21.5565104094395,4.07340690183718,152.069851292312,5.86062316431038
1999-08-02,1999,214,TRUE,10.9114353711826,"epi",25.6052418645559,6.37569041336851,49.1749340369393,5.96248636763413
1999-08-02,1999,214,TRUE,10.9114353711826,"hypo",14.5689880531053,0.1,329.651531540949,5.68482207243679
1999-08-16,1999,228,TRUE,12.6761827573201,"all",19.9308766523862,5.25777891702856,NA,NA
1999-08-16,1999,228,TRUE,12.6761827573201,"epi",22.3997550895454,7.18890249502526,40.8451706719731,NA
1999-08-16,1999,228,TRUE,12.6761827573201,"hypo",13.3368247248053,0.1,NA,NA
1999-08-30,1999,242,TRUE,12.9056673859118,"all",19.714672211349,5.40114645618469,129.690671821302,6.17178196519418
1999-08-30,1999,242,TRUE,12.9056673859118,"epi",22.0559314250727,7.38008571865912,36.969807133017,6.2697547068728
1999-08-30,1999,242,TRUE,12.9056673859118,"hypo",13.4614745654634,0.115658089531803,377.335994216466,5.91010956513074
1999-09-27,1999,270,TRUE,16.3527359583487,"all",17.1832159914815,7.05493495610315,275.560131253255,6.46366429156931
1999-09-27,1999,270,TRUE,16.3527359583487,"epi",17.7542612203732,7.97298285426122,224.801090519415,6.42809490040343
1999-09-27,1999,270,TRUE,16.3527359583487,"hypo",12.857099203999,0.1,660.099791380296,6.73313040818829
1999-10-07,1999,280,TRUE,18.4078888871028,"all",14.4352991779006,6.97556103770296,NA,NA
1999-10-07,1999,280,TRUE,18.4078888871028,"epi",14.5582221697556,7.38212725770275,NA,NA
1999-10-07,1999,280,TRUE,18.4078888871028,"hypo",12.3856147471677,0.196256054806032,NA,NA
1999-10-26,1999,299,FALSE,NA,"all",11.4,10.6275079021179,133.813670091852,6.62578501544985
1999-11-22,1999,326,FALSE,NA,"all",9.30779595101447,10.4960343115351,115.324745350077,6.438122077875
2000-01-24,2000,24,FALSE,NA,"all",0.445787178161745,15.1124935750366,112.693094566771,6.84700069777882
2000-02-28,2000,59,FALSE,NA,"all",1.19997995215511,13.6201398518103,119.417068810869,5.48324091047045
2000-03-13,2000,73,FALSE,NA,"all",2.83841198698568,12.993896884063,113.624792014746,5.38167935927493
2000-03-29,2000,89,FALSE,NA,"all",4.23190749116486,13.651230535238,NA,NA
2000-04-10,2000,101,FALSE,NA,"all",5.67275849711077,13.1378214994931,96.8240383254416,5.82051406496535
2000-04-25,2000,116,FALSE,NA,"all",7.08665622828177,11.8166599478748,78.2114395548862,NA
2000-05-09,2000,130,TRUE,7.14964023157899,"all",11.6393588663789,10.3045296718401,78.2452294117234,6.41536749536739
2000-05-09,2000,130,TRUE,7.14964023157899,"epi",15.7357752489331,10.2632527264106,65.8944997629208,6.5055106092935
2000-05-09,2000,130,TRUE,7.14964023157899,"hypo",8.01016085042735,10.3410987591758,89.1872917782057,6.33550568942266
2000-05-22,2000,143,TRUE,12.6038652577861,"all",12.2376119043477,9.18980044914679,NA,NA
2000-05-22,2000,143,TRUE,12.6038652577861,"epi",13.1067962651156,9.55308434103781,79.1548293280269,NA
2000-05-22,2000,143,TRUE,12.6038652577861,"hypo",9.91613397198769,8.21951661032828,NA,NA
2000-06-06,2000,158,TRUE,14.9783682109586,"all",14.6971611650238,8.64337801301632,98.7543595434183,5.94675314224353
2000-06-06,2000,158,TRUE,14.9783682109586,"epi",15.3186228697086,9.08862012094557,93.316966739967,5.95698117097306
2000-06-06,2000,158,TRUE,14.9783682109586,"hypo",12.0420218302898,6.74112108337613,121.985132094662,5.90305480782994
2000-06-19,2000,171,TRUE,12.4175793989128,"all",16.9599032036457,7.87374391266947,NA,NA
2000-06-19,2000,171,TRUE,12.4175793989128,"epi",18.7435634471146,9.37051890402572,97.7031226082963,NA
2000-06-19,2000,171,TRUE,12.4175793989128,"hypo",12.1959795978609,3.87605335473975,NA,NA
2000-07-03,2000,185,TRUE,12.4514634753669,"all",18.5746685133508,6.20407372531086,118.286795015811,5.98330741023331
2000-07-03,2000,185,TRUE,12.4514634753669,"epi",20.6770396448798,8.06376855962039,85.8920097964182,6.08981976121231
2000-07-03,2000,185,TRUE,12.4514634753669,"hypo",12.9595097417826,1.237071655739,204.80903633171,5.69882682880282
2000-07-17,2000,199,TRUE,10.3465130946259,"all",20.2612338641202,6.32877553032377,NA,NA
2000-07-17,2000,199,TRUE,10.3465130946259,"epi",23.6587159190853,9.66202286719437,45.3558487247142,NA
2000-07-17,2000,199,TRUE,10.3465130946259,"hypo",14.3976733693107,0.576074827949056,NA,NA
2000-07-31,2000,213,TRUE,12.4466426107527,"all",19.7178785751874,4.90621493749453,131.433852090132,6.389476675082
2000-07-31,2000,213,TRUE,12.4466426107527,"epi",21.9848308587173,6.68913209857646,62.4719500994949,6.55991370733201
2000-07-31,2000,213,TRUE,12.4466426107527,"hypo",13.6631450370935,0.144276007736143,315.622087487519,5.93426161705244
2000-08-16,2000,229,TRUE,11.5354778639395,"all",20.7495726808155,4.70685019579737,NA,NA
2000-08-16,2000,229,TRUE,11.5354778639395,"epi",23.8718275355218,6.80903152049649,39.1651967989548,NA
2000-08-16,2000,229,TRUE,11.5354778639395,"hypo",14.0557937358835,0.199999299724789,NA,NA
2000-08-28,2000,241,TRUE,12.5061236853189,"all",19.909537352862,4.73481538590494,191.474416568261,5.62192974812611
2000-08-28,2000,241,TRUE,12.5061236853189,"epi",22.1903260370427,6.47013623144038,97.9158120312261,5.68114514771162
2000-08-28,2000,241,TRUE,12.5061236853189,"hypo",13.817848595342,0.1,441.357232710106,5.46377314798641
2000-09-25,2000,269,TRUE,16.7689959984726,"all",16.8153475597731,5.49150152844241,198.840943564191,5.57641896326817
2000-09-25,2000,269,TRUE,16.7689959984726,"epi",17.2884518406455,6.20317700453858,156.25949739452,5.57165342914776
2000-09-25,2000,269,TRUE,16.7689959984726,"hypo",13.2312104929343,0.1,521.428892451232,5.61252163275316
2000-10-24,2000,298,TRUE,12.6763151198623,"all",13.9798289799776,6.43484501241209,157.681300908876,5.56653860874187
2000-10-24,2000,298,TRUE,12.6763151198623,"epi",14.0615490586254,7.12527169753559,145.37016875861,5.5309134394612
2000-10-24,2000,298,TRUE,12.6763151198623,"hypo",13.7615653206497,4.59080549010558,190.562727334865,5.66168878407245
2000-11-28,2000,333,FALSE,NA,"all",5.42540410849447,11.4988061180383,137.324745350077,5.60923550673596
2001-01-17,2001,17,FALSE,NA,"all",1.41480495456609,8.92505107275076,147.20626738353,5.58291307227988
2001-03-07,2001,66,FALSE,NA,"all",2.25064427771699,10.104287784195,145.9483507253,5.88948586073182
2001-04-10,2001,100,FALSE,NA,"all",4.00651585552378,14.932199064299,109.535530601932,NA
2001-04-23,2001,113,FALSE,NA,"all",7.2537350406322,13.6251388240867,92.7406665791374,5.91900180658803
2001-05-07,2001,127,TRUE,12.1372149898959,"all",11.2538856167531,10.3056877056802,95.7846702198956,5.72316326292086
2001-05-07,2001,127,TRUE,12.1372149898959,"epi",11.8903566508495,10.350834226236,91.121842951171,5.73140976580438
2001-05-07,2001,127,TRUE,12.1372149898959,"hypo",9.55395459298761,10.1851072443607,108.238472997925,5.70113793052035
2001-05-21,2001,141,TRUE,10.0435820714018,"all",14.5783381761911,8.92910786146941,NA,NA
2001-05-21,2001,141,TRUE,10.0435820714018,"epi",16.1120492524186,9.41386103781882,90.5766051011434,NA
2001-05-21,2001,141,TRUE,10.0435820714018,"hypo",11.9313756517306,8.09249429630814,NA,NA
2001-06-04,2001,155,TRUE,14.9327459173526,"all",13.946967713344,7.86915588468358,110.500279400759,5.22789732036224
2001-06-04,2001,155,TRUE,14.9327459173526,"epi",14.5812809235844,8.85500274876306,99.9138262781748,5.22579920285871
2001-06-04,2001,155,TRUE,14.9327459173526,"hypo",11.2369214750086,3.6572136731055,155.729949852203,5.23686133901458
2001-06-18,2001,169,TRUE,10.8923845692296,"all",16.7106016083165,7.14715080971771,NA,NA
2001-06-18,2001,169,TRUE,10.8923845692296,"epi",18.9463852242744,9.0168689533861,90.1779243623571,NA
2001-06-18,2001,169,TRUE,10.8923845692296,"hypo",12.8519638661938,3.92028889660746,NA,NA
2001-07-02,2001,183,TRUE,10.0370122329246,"all",18.4794024372141,6.69171179704657,134.176548986612,NA
2001-07-02,2001,183,TRUE,10.0370122329246,"epi",21.3550395778364,9.0215127528584,78.4078276165347,NA
2001-07-02,2001,183,TRUE,10.0370122329246,"hypo",13.5164704592458,2.67081378367713,230.425260880096,NA
2001-07-16,2001,197,TRUE,9.0861781477965,"all",19.5797345457296,4.50573715662259,NA,NA
2001-07-16,2001,197,TRUE,9.0861781477965,"epi",23.4861824453814,7.3304906094289,24.3876964354159,NA
2001-07-16,2001,197,TRUE,9.0861781477965,"hypo",14.1599693770838,0.586703608294302,NA,NA
2001-07-30,2001,211,TRUE,9.25047028354758,"all",19.6292726911503,3.65235939250871,144.512875201874,5.67512844367774
2001-07-30,2001,211,TRUE,9.25047028354758,"epi",23.5813721732465,5.99658873131468,41.4043694902261,6.01893541586815
2001-07-30,2001,211,TRUE,9.25047028354758,"hypo",14.1461709920345,0.4,287.564543162665,5.19813422783749
2001-08-13,2001,225,TRUE,10.3506865296756,"all",20.8151482112916,3.40620825302339,NA,NA
2001-08-13,2001,225,TRUE,10.3506865296756,"epi",24.6114160070361,5.02448548812665,36.6441512752858,NA
2001-08-13,2001,225,TRUE,10.3506865296756,"hypo",14.2633414571355,0.613296822767612,NA,NA
2001-08-27,2001,239,TRUE,12.0497904587151,"all",19.7864063203851,4.9211851671131,146.538108283018,5.46684725050935
2001-08-27,2001,239,TRUE,12.0497904587151,"epi",22.2583039951018,6.37794275218123,42.0081509260677,5.55716975355886
2001-08-27,2001,239,TRUE,12.0497904587151,"hypo",13.1842904035302,1.03037587603689,425.72397520349,5.22560763888115
2001-09-26,2001,269,TRUE,17.6711269614694,"all",16.3970838735152,6.37300240513219,214.316730769041,5.40351763695465
2001-09-26,2001,269,TRUE,17.6711269614694,"epi",16.7061549689819,6.88382191947452,179.719123788671,5.39703239670762
2001-09-26,2001,269,TRUE,17.6711269614694,"hypo",13.045096446599,0.832980660575983,589.540248272344,5.47385240486864
2001-10-22,2001,295,FALSE,NA,"all",12.8235435494336,7.07965078658879,149.485311308456,5.55968436054976
2001-11-26,2001,330,FALSE,NA,"all",9.10050094564942,10.2153464411655,134.701018599692,5.71558123087922
2002-03-28,2002,87,FALSE,NA,"all",1.31027951826622,16.9080088967482,104.326650347506,5.48805503844301
2002-04-08,2002,98,FALSE,NA,"all",2.70492214095182,17.9727253085222,97.7746970156818,NA
2002-04-24,2002,114,FALSE,NA,"all",7.18757013614801,13.3737483608164,76.3920528079813,5.25866550024242
2002-05-06,2002,126,TRUE,6.82210935350541,"all",9.01927560147909,11.3381304421174,NA,NA
2002-05-06,2002,126,TRUE,6.82210935350541,"epi",9.67885032537961,11.2240780911063,85.1771963123644,NA
2002-05-06,2002,126,TRUE,6.82210935350541,"hypo",8.55953218974703,11.4176283595935,NA,NA
2002-05-20,2002,140,TRUE,12.7835190066745,"all",11.0433548435613,10.2948678163039,95.2238941390306,5.29432953708125
2002-05-20,2002,140,TRUE,12.7835190066745,"epi",11.1352671054646,10.3247206490127,94.3219424460432,5.3050443900199
2002-05-20,2002,140,TRUE,12.7835190066745,"hypo",10.7978691936201,10.2151347982238,97.6328893370982,5.26571156399257
2002-06-03,2002,154,TRUE,11.1260750490171,"all",13.109952090551,9.632657241918,NA,NA
2002-06-03,2002,154,TRUE,11.1260750490171,"epi",13.5309325494039,9.75505471174261,80.8348032010452,NA
2002-06-03,2002,154,TRUE,11.1260750490171,"hypo",12.2074152180566,9.37025021733129,NA,NA
2002-06-18,2002,169,TRUE,9.22755288398193,"all",16.2319524902851,8.03639595895365,99.9038390981464,5.36177513810168
2002-06-18,2002,169,TRUE,9.22755288398193,"epi",18.880797240322,8.81236105787658,73.6726236105788,5.44015714833269
2002-06-18,2002,169,TRUE,9.22755288398193,"hypo",12.5569728458157,6.95983005477192,136.296754524828,5.25302875268685
2002-07-01,2002,182,TRUE,8.32375288221654,"all",19.0907722755833,7.39146500040257,NA,NA
2002-07-01,2002,182,TRUE,8.32375288221654,"epi",24.2905879864636,9.88902284263959,33.2139382402707,NA
2002-07-01,2002,182,TRUE,8.32375288221654,"hypo",13.3075182003555,4.61367202227624,NA,NA
2002-07-15,2002,196,TRUE,8.20037408979862,"all",19.1225577042066,6.24111607496265,114.885494972598,5.83138353641197
2002-07-15,2002,196,TRUE,8.20037408979862,"epi",24.2055837563452,10.1189509306261,35.607127749577,6.03995452622673
2002-07-15,2002,196,TRUE,8.20037408979862,"hypo",13.4691975151121,1.92817394796584,203.059185313311,5.59941011775859
2002-07-26,2002,207,TRUE,9.87111137405834,"all",20.0761138840053,4.86198962109672,NA,NA
2002-07-26,2002,207,TRUE,9.87111137405834,"epi",24.6092180912227,8.15404369490226,26.4184553468762,NA
2002-07-26,2002,207,TRUE,9.87111137405834,"hypo",13.7869322747205,0.294628053545655,NA,NA
2002-08-12,2002,224,TRUE,10.3025358733021,"all",19.9552655062081,4.7578354929133,102.134924594371,5.67258176286786
2002-08-12,2002,224,TRUE,10.3025358733021,"epi",23.8529639401935,7.50693051890941,21.9770008795075,5.89707255936675
2002-08-12,2002,224,TRUE,10.3025358733021,"hypo",13.2284042046752,0.0132968227676117,240.475856860237,5.28514325855685
2002-08-26,2002,238,TRUE,10.8583327295421,"all",19.6633739631534,4.97448541686563,NA,NA
2002-08-26,2002,238,TRUE,10.8583327295421,"epi",23.0961301671064,7.59692172383465,20.6441512752858,NA
2002-08-26,2002,238,TRUE,10.8583327295421,"hypo",13.7389354112572,0.448541296800084,NA,NA
2002-09-23,2002,266,TRUE,13.4841762944637,"all",18.4020561340793,6.5113582614933,150.190799041014,6.75380813005258
2002-09-23,2002,266,TRUE,13.4841762944637,"epi",20.0665558126084,7.92126951995373,67.3790967804126,6.91617288413341
2002-09-23,2002,266,TRUE,13.4841762944637,"hypo",12.8220424490409,1.7848183778384,427.806011501614,6.20950189711928
2002-10-21,2002,294,FALSE,NA,"all",12.4403157585575,8.0588371560135,118.095752111139,5.61339135925939
2002-11-18,2002,322,FALSE,NA,"all",7.37323739124452,11.2541950031899,101.355790128569,5.62013454520479
2003-01-21,2003,21,FALSE,NA,"all",0.524815179412469,15.629450655895,88.7078233456522,5.90132283588631
2003-04-03,2003,93,FALSE,NA,"all",3.03155177272303,14.8162893187857,83,NA
2003-04-14,2003,104,FALSE,NA,"all",3.96022929012323,14.6084960393322,81.7003642966608,5.51007674561932
2003-04-28,2003,118,TRUE,11.8965117141136,"all",8.15947954415903,13.4330695333489,NA,NA
2003-04-28,2003,118,TRUE,11.8965117141136,"epi",8.45771680548751,13.3323370896619,50.5044096031357,NA
2003-04-28,2003,118,TRUE,11.8965117141136,"hypo",7.52009089929374,13.649029069646,NA,NA
2003-05-13,2003,133,FALSE,NA,"all",10.5765892048092,10.7997930731859,62.6253772746083,5.80883460564609
2003-05-27,2003,147,TRUE,9.68361511146956,"all",13.6448975535692,10.2070286107025,NA,NA
2003-05-27,2003,147,TRUE,9.68361511146956,"epi",14.8840168646991,10.7926408585665,NA,NA
2003-05-27,2003,147,TRUE,9.68361511146956,"hypo",11.9257563145789,9.39455627142253,NA,NA
2003-06-09,2003,160,TRUE,10.3564924952976,"all",15.0803773736782,9.61351484629003,59.264710300528,6.20285392536474
2003-06-09,2003,160,TRUE,10.3564924952976,"epi",17.0004925241865,10.9791380826737,37.43781882146,6.32117260334213
2003-06-09,2003,160,TRUE,10.3564924952976,"hypo",11.7665375476364,7.25664751627691,96.9347543303767,5.99865307462812
2003-06-23,2003,174,TRUE,8.47352555111408,"all",16.947797428169,8.20949458505438,NA,NA
2003-06-23,2003,174,TRUE,8.47352555111408,"epi",20.4190566835871,10.1918358714044,26.7163705583756,NA
2003-06-23,2003,174,TRUE,8.47352555111408,"hypo",13.087050172634,6.00472734709488,NA,NA
2003-07-07,2003,188,TRUE,8.74498412987595,"all",18.6773748221714,5.24676479721257,88.5029477342772,5.63317293024536
2003-07-07,2003,188,TRUE,8.74498412987595,"epi",23.2439720812183,7.48337563451777,23.6912013536379,5.78
2003-07-07,2003,188,TRUE,8.74498412987595,"hypo",13.598388627902,2.75919803355241,160.586809397714,5.46987132558744
2003-07-24,2003,205,TRUE,10.2903274679625,"all",18.9228249939557,4.70158258306762,NA,NA
2003-07-24,2003,205,TRUE,10.2903274679625,"epi",22.4722251539138,7.17627088830255,23.1779243623571,NA
2003-07-24,2003,205,TRUE,10.2903274679625,"hypo",12.7970759181701,0.430630051519511,NA,NA
2003-08-04,2003,216,TRUE,10.4824702573997,"all",19.8066526283566,5.11260717206622,104.360076732606,6.44178771239154
2003-08-04,2003,216,TRUE,10.4824702573997,"epi",23.5718205804749,8.00932277924362,20.8788038698329,6.95686763412489
2003-08-04,2003,216,TRUE,10.4824702573997,"hypo",13.3085196866094,0.113296822767612,248.43662686455,5.55283459008395
2003-08-18,2003,230,TRUE,10.2365229853793,"all",20.3973620832756,5.03134529718315,NA,NA
2003-08-18,2003,230,TRUE,10.2365229853793,"epi",24.2600879507476,7.89761653474055,20,NA
2003-08-18,2003,230,TRUE,10.2365229853793,"hypo",13.7308583512877,0.0845775073757218,NA,NA
2003-09-02,2003,245,TRUE,11.5210760386067,"all",19.8743321748636,4.31395653892513,178.096498457623,5.69334704716478
2003-09-02,2003,245,TRUE,11.5210760386067,"epi",22.8105830475257,6.27951984321411,84.0895292340356,5.77601788339049
2003-09-02,2003,245,TRUE,11.5210760386067,"hypo",13.5793257826602,0.1,379.637340108393,5.51610965667646
2003-09-29,2003,272,TRUE,16.4139490174894,"all",15.644706442401,6.94770721843554,225.233014989646,5.55852007642466
2003-09-29,2003,272,TRUE,16.4139490174894,"epi",16.1117372667675,7.85160110943016,182.599911749874,5.59431648176164
2003-09-29,2003,272,TRUE,16.4139490174894,"hypo",12.106580585916,0.1,548.212306815651,5.28733414889242
2003-10-27,2003,300,FALSE,NA,"all",12.6848199470374,8.65499041137562,129.96102692383,5.66463250421497
2003-11-25,2003,329,FALSE,NA,"all",6.7,11.0999979953269,120.588367107533,5.87940258884904
2004-02-03,2004,34,FALSE,NA,"all",1.02060603375492,13.4334925231634,103.101572330947,5.46409104440213
2004-03-29,2004,89,FALSE,NA,"all",3.48103334225899,13.9462484845186,149.381288821476,NA
2004-04-12,2004,103,FALSE,NA,"all",6.08468474375231,15.0763410713823,88.050873596507,5.84406646558206
2004-04-28,2004,119,FALSE,NA,"all",8.89999977725854,11.7999919813075,67.7746970156818,NA
2004-05-10,2004,131,TRUE,5.07872461445182,"all",11.0912219829015,9.94794153665761,83.6577777871725,6.19271645466066
2004-05-10,2004,131,TRUE,5.07872461445182,"epi",12.017898089172,10,77.5914808917197,6.38382006369427
2004-05-10,2004,131,TRUE,5.07872461445182,"hypo",10.5928912735235,9.91994650064556,86.9199985509897,6.08994829606672
2004-05-24,2004,145,TRUE,15.7484762006579,"all",14.4550086800731,9.48348662045912,NA,NA
2004-05-24,2004,145,TRUE,15.7484762006579,"epi",15.0035057773109,9.8,70.46875,NA
2004-05-24,2004,145,TRUE,15.7484762006579,"hypo",11.3902305233249,7.71493889829158,NA,NA
2004-06-07,2004,159,TRUE,10.0337311094145,"all",16.0687043855217,7.9080463206542,89.4854783088639,5.52170004064107
2004-06-07,2004,159,TRUE,10.0337311094145,"epi",18.050835532102,9.02874230430959,75.5494283201407,5.56714204045734
2004-06-07,2004,159,TRUE,10.0337311094145,"hypo",12.6478339589554,5.97388784972128,113.537076182103,5.44327375004789
2004-06-21,2004,173,TRUE,10.9113160030316,"all",17.5037396130132,6.95003531181581,NA,NA
2004-06-21,2004,173,TRUE,10.9113160030316,"epi",19.9287247141601,8.90255057167986,62,NA
2004-06-21,2004,173,TRUE,10.9113160030316,"hypo",13.3185675916314,3.58027760359766,NA,NA
2004-07-06,2004,188,TRUE,13.9646455095952,"all",19.7102853172287,NA,69.6731189380056,5.96957500991152
2004-07-06,2004,188,TRUE,13.9646455095952,"epi",20.9172064777328,NA,49.0889603817235,6.12071934644303
2004-07-06,2004,188,TRUE,13.9646455095952,"hypo",15.6642427260242,NA,138.678771459699,5.46288373376353
2004-07-19,2004,201,TRUE,10.6267176103793,"all",19.2072226227442,6.82753976049451,NA,NA
2004-07-19,2004,201,TRUE,10.6267176103793,"epi",22.1902022867194,10.121635883905,29.8220756376429,NA
2004-07-19,2004,201,TRUE,10.6267176103793,"hypo",14.0590330424801,1.14240836528742,NA,NA
2004-08-03,2004,216,TRUE,10.474262902496,"all",19.7222676950517,4.91773067085019,107.06788336708,6.55595019337962
2004-08-03,2004,216,TRUE,10.474262902496,"epi",22.9571855760774,7.66970976253298,26.6901055408971,7.02642216358839
2004-08-03,2004,216,TRUE,10.474262902496,"hypo",14.1392693497285,0.168214522280419,245.788251892181,5.74398391547102
2004-08-16,2004,229,TRUE,11.7642782773029,"all",17.6765326346044,5.86876987217845,NA,NA
2004-08-16,2004,229,TRUE,11.7642782773029,"epi",19.8201045239262,8.53321901028907,37.1651967989548,NA
2004-08-16,2004,229,TRUE,11.7642782773029,"hypo",13.0809448150956,0.156477195735594,NA,NA
2004-09-07,2004,251,TRUE,13.0713419370769,"all",19.5545997307664,5.75313364448808,138.009420705537,NA
2004-09-07,2004,251,TRUE,13.0713419370769,"epi",21.3447079236553,7.43423944476576,59.7045739348371,NA
2004-09-07,2004,251,TRUE,13.0713419370769,"hypo",13.5535002154778,0.117450145987194,400.515999842542,NA
2004-10-05,2004,279,TRUE,16.7284232570798,"all",16.3110502081642,8.56087881356861,225.063443642027,5.85799461794419
2004-10-05,2004,279,TRUE,16.7284232570798,"epi",16.7637039838628,9.58406454866364,187.867845436208,5.87060461842326
2004-10-05,2004,279,TRUE,16.7284232570798,"hypo",12.8818418041856,0.809442042267025,506.849357747219,5.7624639454114
2004-11-03,2004,308,FALSE,NA,"all",12.3,8.79999443146356,122.038318773138,5.57891226996255
2005-01-31,2005,31,FALSE,NA,"all",1.20393361302674,12.2647587504703,118.672610130808,5.68584960671564
2005-04-15,2005,105,FALSE,NA,"all",5.69145897869863,11.9376127917497,144.574655150088,5.65198917040723
2005-04-25,2005,115,FALSE,NA,"all",7.59694866488431,10.0716670655279,119.324091047045,NA
2005-05-09,2005,129,TRUE,7.92906190303262,"all",8.85910177420153,11.4934707811025,136.415807096338,6.03558582116488
2005-05-09,2005,129,TRUE,7.92906190303262,"epi",9.79329065908013,11.7645092460882,151.191441441441,6.01046348980559
2005-05-09,2005,129,TRUE,7.92906190303262,"hypo",8.03146216657662,11.2533457138457,123.325413483509,6.05784281523254
2005-05-23,2005,143,TRUE,15.1039594611668,"all",12.8052725162716,10.4187381277898,NA,NA
2005-05-23,2005,143,TRUE,15.1039594611668,"epi",13.1808035714286,10.5725577731092,108.53125,NA
2005-05-23,2005,143,TRUE,15.1039594611668,"hypo",10.7069580843051,9.55925666211249,NA,NA
2005-06-06,2005,157,TRUE,8.50030549607076,"all",14.8645065995671,10.3997008620091,106.348464469785,6.40802378221457
2005-06-06,2005,157,TRUE,8.50030549607076,"epi",17.8652918781726,11.8951353637902,86.7560807952623,6.61955425126904
2005-06-06,2005,157,TRUE,8.50030549607076,"hypo",11.5270222239063,8.73647313288687,128.139185339375,6.17275881991324
2005-06-20,2005,171,TRUE,8.55184863162056,"all",16.7143752952041,7.17027404490721,NA,NA
2005-06-20,2005,171,TRUE,8.55184863162056,"epi",20.7971235194585,9.07582487309645,78.1442470389171,NA
2005-06-20,2005,171,TRUE,8.55184863162056,"hypo",12.1735277692731,5.05091343571875,NA,NA
2005-07-05,2005,186,TRUE,9.32661393657882,"all",18.1220899471458,6.07882664898711,122.323749949687,6.89552017950235
2005-07-05,2005,186,TRUE,9.32661393657882,"epi",22.4013223457263,9.20862399386738,54.4201801456497,7.46021032962821
2005-07-05,2005,186,TRUE,9.32661393657882,"hypo",12.1851274435795,1.73657837883494,216.532456146291,6.1120749409258
2005-07-18,2005,199,TRUE,8.14568006113708,"all",19.0977659120904,6.67120733272808,NA,NA
2005-07-18,2005,199,TRUE,8.14568006113708,"epi",24.6173646362098,11.9746404399323,45.7163705583756,NA
2005-07-18,2005,199,TRUE,8.14568006113708,"hypo",12.9588479985012,0.772709609864714,NA,NA
2005-08-01,2005,213,TRUE,8.71946667328993,"all",18.6064973772266,4.4301941685509,141.425299878411,7.62852793429409
2005-08-01,2005,213,TRUE,8.71946667328993,"epi",23.8843062605753,8.32354060913705,36.301078680203,8.30020410321489
2005-08-01,2005,213,TRUE,8.71946667328993,"hypo",12.7364990099705,0.1,258.344843657157,6.88148723956012
2005-08-15,2005,227,TRUE,9.780902975764,"all",19.2289267741122,3.758316835978,NA,NA
2005-08-15,2005,227,TRUE,9.780902975764,"epi",23.9355883480261,6.39515139900345,23,NA
2005-08-15,2005,227,TRUE,9.780902975764,"hypo",12.6989534801702,0.1,NA,NA
2005-08-29,2005,241,TRUE,10.4558071738753,"all",19.0904697935749,4.81534755988443,148.491071960516,6.62475717841675
2005-08-29,2005,241,TRUE,10.4558071738753,"epi",22.8551099384345,7.54752858399296,29.7568601583113,7.03400703605981
2005-08-29,2005,241,TRUE,10.4558071738753,"hypo",12.5932477704848,0.1,353.409073716641,5.91845137342351
2005-09-26,2005,269,TRUE,12.974942803812,"all",18.3206312131175,5.50508875735335,240.496110442449,6.77539836762854
2005-09-26,2005,269,TRUE,12.974942803812,"epi",20.7300474514006,7.52880759222409,133.824181080667,6.78234922700138
2005-09-26,2005,269,TRUE,12.974942803812,"hypo",11.8853950543552,0.1,525.402904896129,6.75683352986416
2005-11-02,2005,306,FALSE,NA,"all",12.4633142593104,5.43396963169028,159.276176580825,NA
2005-11-30,2005,334,FALSE,NA,"all",5.5,11.2,157.073678415989,NA
2006-03-06,2006,65,FALSE,NA,"all",1.52895705737258,13.9002194075748,147.437529188899,6.75185357471406
2006-04-04,2006,94,FALSE,NA,"all",3.70203852959681,13.3901848991206,143.112651492159,NA
2006-04-17,2006,107,FALSE,NA,"all",6.29413031733322,13.3541150371133,136.624153859357,4.70408881455224
2006-05-02,2006,122,TRUE,6.44949825145768,"all",10.0200788066182,11.8485981793655,NA,NA
2006-05-02,2006,122,TRUE,6.44949825145768,"epi",10.4076735357918,11.8497017353579,114.274267895879,NA
2006-05-02,2006,122,TRUE,6.44949825145768,"hypo",9.74991362790145,11.8478289676619,NA,NA
2006-05-15,2006,135,TRUE,18.2343180937929,"all",10.9858423314413,10.3837991265013,126.209789030662,4.83789247043429
2006-05-15,2006,135,TRUE,18.2343180937929,"epi",11.0268327234093,10.4088183213316,125.646145673474,4.83751874040845
2006-05-15,2006,135,TRUE,18.2343180937929,"hypo",10.3023463722363,9.96661554400645,135.608283130748,4.84412424696123
2006-05-30,2006,150,TRUE,7.13327269678402,"all",14.1585620743228,9.44097730402759,NA,NA
2006-05-30,2006,150,TRUE,7.13327269678402,"epi",17.016524419156,10.5036510194405,94.8009720246562,NA
2006-05-30,2006,150,TRUE,7.13327269678402,"hypo",11.62656573828,8.49950725327662,NA,NA
2006-06-12,2006,163,TRUE,8.39511986015307,"all",15.3556746782563,8.01977788803208,129.184112386635,5.82296297990534
2006-06-12,2006,163,TRUE,8.39511986015307,"epi",18.672165820643,9.68961505922166,92.3882719966159,6.35297192258883
2006-06-12,2006,163,TRUE,8.39511986015307,"hypo",11.6670610847916,6.16257887133577,170.108580813801,5.23348509297412
2006-06-26,2006,177,TRUE,9.25982837957527,"all",16.8956093272936,6.92064479923271,NA,NA
2006-06-26,2006,177,TRUE,9.25982837957527,"epi",20.4378497508624,9.02997316979686,58,NA
2006-06-26,2006,177,TRUE,9.25982837957527,"hypo",11.9811418213175,3.99418456587358,NA,NA
2006-07-10,2006,191,TRUE,9.1738241182263,"all",18.6390733153942,5.51314086104401,144.104302861676,5.75497592776826
2006-07-10,2006,191,TRUE,9.1738241182263,"epi",22.9433691069375,8.50201226523572,77.221924108854,6.0875534208509
2006-07-10,2006,191,TRUE,9.1738241182263,"hypo",12.6673381212207,1.36641177464202,236.89621921951,5.29356137439727
2006-07-24,2006,205,TRUE,10.8942181195352,"all",19.8204499032416,5.13396807784588,NA,NA
2006-07-24,2006,205,TRUE,10.8942181195352,"epi",23.8325945470536,7.94487247141601,59.8401934916447,NA
2006-07-24,2006,205,TRUE,10.8942181195352,"hypo",12.8960710684697,0.28275541794754,NA,NA
2006-08-07,2006,219,TRUE,9.96760583186924,"all",20.371245202117,4.19395457866666,159.493596878605,5.45228351222325
2006-08-07,2006,219,TRUE,9.96760583186924,"epi",25.3643541586815,7.14478727481794,35.1171904944423,5.7025728248371
2006-08-07,2006,219,TRUE,9.96760583186924,"hypo",13.4438577900247,0.1,332.052128935906,5.10503472421055
2006-08-21,2006,233,TRUE,11.3776641215852,"all",19.745664236237,4.33959408068987,NA,NA
2006-08-21,2006,233,TRUE,11.3776641215852,"epi",23.1778213294137,6.31711579291197,19.6696064020905,NA
2006-08-21,2006,233,TRUE,11.3776641215852,"hypo",12.3874881887644,0.1,NA,NA
2006-09-06,2006,249,TRUE,10.7051490837751,"all",18.8040588036379,5.48760355293518,168.758720283237,5.18248568362971
2006-09-06,2006,249,TRUE,10.7051490837751,"epi",22.2324538258575,8.60930518909411,27.854837291117,5.43257299912049
2006-09-06,2006,249,TRUE,10.7051490837751,"hypo",12.8871470178904,0.1,411.938354056558,4.75087130579314
2006-10-02,2006,275,TRUE,15.0563228345184,"all",15.286370454667,6.60571065239381,261.028147998365,5.0603525721909
2006-10-02,2006,275,TRUE,15.0563228345184,"epi",15.8960609243697,7.71633403361345,209.559709821429,5.09801979385504
2006-10-02,2006,275,TRUE,15.0563228345184,"hypo",11.8796686811615,0.4,548.612796815988,4.84988349448199
2006-10-30,2006,303,FALSE,NA,"all",9.68941955813599,9.77617668796392,146.089846672677,5.27275681931446
2006-11-27,2006,331,FALSE,NA,"all",6.42666192983941,11.0680742475995,130.238512110719,5.02380202956871
2007-01-03,2007,3,FALSE,NA,"all",2.11515755618671,13.9999955451708,129.187535499072,5.19407020288116
2007-02-19,2007,50,FALSE,NA,"all",0.801295017386413,13.8338818865911,127.413986670499,4.96527648548722
2007-04-02,2007,92,FALSE,NA,"all",3.71515933811837,13.6544972613431,132.549394031364,NA
2007-04-16,2007,106,FALSE,NA,"all",4.03726486859063,14.1921813294682,121.860267046805,4.72693326241275
2007-04-30,2007,120,FALSE,NA,"all",8.21723840777416,14.2325311673574,87.986136570568,NA
2007-05-14,2007,134,TRUE,10.4951741129454,"all",12.0861924840196,6.17647605871963,88.3439367362406,5.06177425265984
2007-05-14,2007,134,TRUE,10.4951741129454,"epi",13.4530694810906,9.25021987686895,83.2535510114336,5.04483663148637
2007-05-14,2007,134,TRUE,10.4951741129454,"hypo",9.72716134518661,0.871640733121355,97.1292030471254,5.09100612637751
2007-05-29,2007,149,TRUE,11.0283751981965,"all",14.8960781975049,8.80065998717083,NA,NA
2007-05-29,2007,149,TRUE,11.0283751981965,"epi",16.6246284501062,9.26949207904622,77.339212804181,NA
2007-05-29,2007,149,TRUE,11.0283751981965,"hypo",11.1902521760711,7.7955343547858,NA,NA
2007-06-11,2007,162,TRUE,11.1316414558099,"all",16.872463595551,7.81878223360543,106.197447876491,5.12201645581814
2007-06-11,2007,162,TRUE,11.1316414558099,"epi",19.1611954924057,8.69906908378246,76.5408704883227,5.1303666503348
2007-06-11,2007,162,TRUE,11.1316414558099,"hypo",11.9656683162781,5.93154180724064,169.777963413344,5.10411453594203
2007-06-25,2007,176,TRUE,9.84984759437492,"all",18.2811039607675,7.06270952360359,NA,NA
2007-06-25,2007,176,TRUE,9.84984759437492,"epi",21.7507090839402,8.8795515523189,53.2954197010349,NA
2007-06-25,2007,176,TRUE,9.84984759437492,"hypo",13.4674099147769,4.54204179754971,NA,NA
2007-07-09,2007,190,TRUE,9.69258149852407,"all",19.9464302453346,5.85747777080069,113.059391349011,5.26629674488563
2007-07-09,2007,190,TRUE,9.69258149852407,"epi",24.358873131468,8.6966078957455,44.574741280184,5.37154561134534
2007-07-09,2007,190,TRUE,9.69258149852407,"hypo",13.8246528974179,1.91849817713944,208.074282258734,5.12027556269383
2007-07-23,2007,204,TRUE,11.0474498353482,"all",19.4018064436896,5.27877252203333,NA,NA
2007-07-23,2007,204,TRUE,11.0474498353482,"epi",22.8089498611792,7.65414012738854,31,NA
2007-07-23,2007,204,TRUE,11.0474498353482,"hypo",12.0972570293529,0.186239592111538,NA,NA
2007-08-06,2007,218,TRUE,10.7381333333837,"all",20.2508523311574,3.96105677853603,142.252700781658,5.21229086207881
2007-08-06,2007,218,TRUE,10.7381333333837,"epi",24.4786103781882,6.14223394898857,28.4274846086192,5.29266930518909
2007-08-06,2007,218,TRUE,10.7381333333837,"hypo",12.9543560833096,0.196661829001226,338.698489182514,5.07356934537
2007-08-20,2007,232,TRUE,12.4115623509507,"all",19.6375680296264,4.31917002503522,NA,NA
2007-08-20,2007,232,TRUE,12.4115623509507,"epi",22.2310577070259,5.84702280728609,26,NA
2007-08-20,2007,232,TRUE,12.4115623509507,"hypo",12.7106957506917,0.238474745662238,NA,NA
2007-09-04,2007,247,TRUE,11.8771721718026,"all",20.2001454609747,5.21872120244606,149.699850876487,5.08802902724131
2007-09-04,2007,247,TRUE,11.8771721718026,"epi",23.0055854973052,7.51419238935163,36.3126735260493,5.13281520496489
2007-09-04,2007,247,TRUE,11.8771721718026,"hypo",14.1855834471943,0.297477609391663,392.789776488924,4.99201227415078
2007-10-01,2007,274,TRUE,15.1027892638689,"all",18.1436317176525,5.91351863100151,260.351058437726,5.39161485302585
2007-10-01,2007,274,TRUE,15.1027892638689,"epi",19.0496192226891,6.95395220588235,198.648995535714,5.35917016806723
2007-10-01,2007,274,TRUE,15.1027892638689,"hypo",13.0813429111924,0.1,605.117029963735,5.57290252485585
2007-10-29,2007,302,TRUE,22.9411278373109,"all",14.2962189665423,7.50426171976926,NA,NA
2007-10-29,2007,302,TRUE,22.9411278373109,"epi",14.2988616071429,7.51337053571428,135.045561290923,5.04455482700893
2007-10-29,2007,302,TRUE,22.9411278373109,"hypo",13.0513150637829,3.21325048015272,NA,NA
2007-11-26,2007,330,FALSE,NA,"all",7.10145851128682,11.2650378340454,145.536839207995,5.09355731841213
2008-02-13,2008,44,FALSE,NA,"all",0.842214181438747,11.6520068020252,148.125877837588,5.13059504667985
2008-04-14,2008,105,FALSE,NA,"all",2.9562201665173,15.2293350497374,135.911432427939,4.94642514445499
2008-04-28,2008,119,FALSE,NA,"all",6.93824248196155,15.368846935377,39.6481820940907,NA
2008-05-12,2008,133,TRUE,11.4559331891496,"all",9.5685807588897,13.4363955099069,58.9045769849099,NA
2008-05-12,2008,133,TRUE,11.4559331891496,"epi",9.70725134737874,13.4993793891883,54.1088212477544,NA
2008-05-12,2008,133,TRUE,11.4559331891496,"hypo",9.27128591631461,13.3013648398869,69.186162016324,NA
2008-05-28,2008,149,TRUE,10.9079667777607,"all",12.9505219980026,10.4563607213887,NA,NA
2008-05-28,2008,149,TRUE,10.9079667777607,"epi",13.7355848724714,11.021671064204,73.6441512752858,NA
2008-05-28,2008,149,TRUE,10.9079667777607,"hypo",11.5956175180953,9.48071718896885,NA,NA
2008-06-09,2008,161,TRUE,13.1195174080981,"all",16.0720455074964,8.98406552829158,99.0303829059634,NA
2008-06-09,2008,161,TRUE,13.1195174080981,"epi",16.8603817235396,9.5450983227299,83.6112998843262,NA
2008-06-09,2008,161,TRUE,13.1195174080981,"hypo",13.4292532434453,7.10327773896171,150.720806990338,NA
2008-06-23,2008,175,TRUE,10.9906396926003,"all",17.9997957535453,8.12887220189828,NA,NA
2008-06-23,2008,175,TRUE,10.9906396926003,"epi",20.3948988566403,10.5427792436236,105.337730870712,NA
2008-06-23,2008,175,TRUE,10.9906396926003,"hypo",13.8661957200205,3.96281930183429,NA,NA
2008-07-07,2008,189,TRUE,10.4011890156468,"all",19.5613499104149,6.4141645813398,143.083613884459,5.12590820616939
2008-07-07,2008,189,TRUE,10.4011890156468,"epi",22.3723306948109,9.14833773087071,93.3346965699208,5.22406420404573
2008-07-07,2008,189,TRUE,10.4011890156468,"hypo",14.7100054110479,1.69537890236058,228.943018439302,4.95650521237426
2008-07-21,2008,203,TRUE,10.5030690151385,"all",20.7456653494988,5.97559756585418,NA,NA
2008-07-21,2008,203,TRUE,10.5030690151385,"epi",24.1850835532102,9.13829375549692,52.1779243623571,NA
2008-07-21,2008,203,TRUE,10.5030690151385,"hypo",14.8097291537687,0.517243368641488,NA,NA
2008-08-04,2008,217,TRUE,10.8019317797412,"all",21.125485418593,3.9607888208967,168.231741976554,5.40717279825323
2008-08-04,2008,217,TRUE,10.8019317797412,"epi",24.4638698328936,6.19781882145998,63.490765171504,5.54903693931398
2008-08-04,2008,217,TRUE,10.8019317797412,"hypo",15.3639188668069,0.1,348.999452841815,5.16233589854444
2008-08-18,2008,231,TRUE,11.86450500055,"all",21.0473036126964,5.06578825357978,NA,NA
2008-08-18,2008,231,TRUE,11.86450500055,"epi",23.8645108606892,7.28335783112853,36.3303935979095,NA
2008-08-18,2008,231,TRUE,11.86450500055,"hypo",15.0075139614131,0.311557341025474,NA,NA
2008-09-05,2008,249,TRUE,12.9303142359478,"all",20.1570046705064,4.67804014700718,168.885829933429,NA
2008-09-05,2008,249,TRUE,12.9303142359478,"epi",22.3085412521047,6.30281647022807,52.1775218123374,NA
2008-09-05,2008,249,TRUE,12.9303142359478,"hypo",14.4105314016669,0.338474745662238,480.598481535713,NA
2008-09-29,2008,273,TRUE,14.1375088464143,"all",18.7613294169757,5.5375978730837,242.853192305901,5.65498732121284
2008-09-29,2008,273,TRUE,14.1375088464143,"epi",19.9413276525563,6.81032160527763,168.365654205607,5.48488478101521
2008-09-29,2008,273,TRUE,14.1375088464143,"hypo",13.7198929027251,0.1,561.094510904714,6.38173515138833
2008-10-29,2008,303,FALSE,NA,"all",12.1165158338176,9.08655866618691,149.140720269184,4.79822675481091
2009-01-21,2009,21,FALSE,NA,"all",1.03481983304951,14.8548525492257,143.695593235337,5.49723993932958
2009-04-15,2009,105,FALSE,NA,"all",4.92162797289863,12.9395613329067,159.326035074347,4.88129578715862
2009-04-27,2009,117,FALSE,NA,"all",7.55376956522401,13.535199834765,200.353561962612,NA
2009-05-11,2009,131,TRUE,13.3028637977646,"all",10.97877920127,11.5730353655221,128.323578719419,4.50826749445738
2009-05-11,2009,131,TRUE,13.3028637977646,"epi",11.3654135338346,11.6596153846154,125.641989589358,4.49015037593985
2009-05-11,2009,131,TRUE,13.3028637977646,"hypo",9.68263904897984,11.2827873723124,137.313249451354,4.56900272352669
2009-05-28,2009,148,TRUE,17.0080143519287,"all",14.2973754410808,10.3729404812251,NA,NA
2009-05-28,2009,148,TRUE,17.0080143519287,"epi",14.5294124802335,10.5963751368447,147,NA
2009-05-28,2009,148,TRUE,17.0080143519287,"hypo",11.780850119797,7.94971110986136,NA,NA
2009-06-09,2009,160,TRUE,12.6904018751079,"all",15.3735187177148,7.80548879922919,120.966441706296,4.68581724937222
2009-06-09,2009,160,TRUE,12.6904018751079,"epi",16.4446655441604,8.69530078065207,111.877774376244,4.73747283024644
2009-06-09,2009,160,TRUE,12.6904018751079,"hypo",12.5126254111276,5.42891718558686,145.241085376412,4.54785193787398
2009-06-23,2009,174,TRUE,7.53859734699182,"all",17.7455270238239,7.29828111163388,NA,NA
2009-06-23,2009,174,TRUE,7.53859734699182,"epi",21.3915125651968,9.57667140825036,116.230085348506,NA
2009-06-23,2009,174,TRUE,7.53859734699182,"hypo",14.515385783961,5.27975350802927,NA,NA
2009-07-06,2009,187,TRUE,9.43094810056262,"all",17.9743491005414,7.60275665640878,153.941197076007,4.89185622681747
2009-07-06,2009,187,TRUE,9.43094810056262,"epi",21.0586239938674,11.3837677270985,108.722834419318,5.0237969528555
2009-07-06,2009,187,TRUE,9.43094810056262,"hypo",13.695258206006,2.35702123907084,216.676682920263,4.70880303638056
2009-07-20,2009,201,TRUE,11.0060259735574,"all",18.139247273911,6.49073307074796,NA,NA
2009-07-20,2009,201,TRUE,11.0060259735574,"epi",20.2490445859873,9.181234688878,80.9559039686428,NA
2009-07-20,2009,201,TRUE,11.0060259735574,"hypo",13.6160685191843,0.722586676292836,NA,NA
2009-08-05,2009,217,TRUE,11.3385140803763,"all",19.7322939547214,6.11495709455481,152.652851552455,4.99877215997823
2009-08-05,2009,217,TRUE,11.3385140803763,"epi",22.2333496651968,8.6385758615058,67.1318389678262,5.05053813490119
2009-08-05,2009,217,TRUE,11.3385140803763,"hypo",14.3702992316941,0.704589602679917,336.000713923574,4.88779147162062
2009-08-19,2009,231,TRUE,10.8863222232976,"all",20.0829803323558,5.34669819751677,NA,NA
2009-08-19,2009,231,TRUE,10.8863222232976,"epi",23.0609322779244,8.25938434476693,47.2883025505717,NA
2009-08-19,2009,231,TRUE,10.8863222232976,"hypo",14.9434678637151,0.319825015998157,NA,NA
2009-09-02,2009,245,TRUE,13.1375423710367,"all",18.7876244913004,5.71481231249603,138.633603186799,4.82739403062628
2009-09-02,2009,245,TRUE,13.1375423710367,"epi",20.2786871023713,7.3281954887218,68.0307981492192,4.82277743637941
2009-09-02,2009,245,TRUE,13.1375423710367,"hypo",13.789035496452,0.306159899594574,375.320112288393,4.84287054853017
2009-09-30,2009,273,TRUE,14.9722586052199,"all",17.2619791519141,4.77634731170701,245.253450982683,7.32521292527679
2009-09-30,2009,273,TRUE,14.9722586052199,"epi",18.0543842770753,5.73893622869709,182.494158878505,7.14135433846436
2009-09-30,2009,273,TRUE,14.9722586052199,"hypo",13.8764994015132,0.663772590831421,513.386891594854,8.11073222951423
2009-10-28,2009,301,FALSE,NA,"all",11.4841189795591,7.96201166704386,165.18932103803,5.39797488985209
2009-12-03,2009,337,FALSE,NA,"all",8.5,9.94487260240524,149.450605968636,5.27789432473465
2010-02-01,2010,32,FALSE,NA,"all",2.08190581865494,10.8281650005548,123.020983391863,5.15291737314642
2010-03-29,2010,88,FALSE,NA,"all",4.39995500644832,14.495932751788,124.436742539204,NA
2010-04-13,2010,103,FALSE,NA,"all",6.64409055848421,13.63202844089,70.44811404858,6.27901808864332
2010-04-26,2010,116,FALSE,NA,"all",9.37825932059207,12.8692278223784,68.3240910470453,NA
2010-05-10,2010,130,FALSE,NA,"all",11.8651955341064,10.0750291238632,61.1503159622657,4.6758679117831
2010-05-24,2010,144,TRUE,6.0501408793747,"all",14.0217787714269,8.08717365969468,NA,NA
2010-05-24,2010,144,TRUE,6.0501408793747,"epi",16.0410249457701,8.84574295010846,68.0801247288503,NA
2010-05-24,2010,144,TRUE,6.0501408793747,"hypo",12.6143034821534,7.55842805897243,NA,NA
2010-06-07,2010,158,TRUE,7.39444813813285,"all",15.914412936283,7.15540427157463,91.1593936366768,5.23573228466551
2010-06-07,2010,158,TRUE,7.39444813813285,"epi",19.4919630156472,9.74623044096728,50.6863442389758,5.60114805595069
2010-06-07,2010,158,TRUE,7.39444813813285,"hypo",12.7449017251448,4.86007579039801,127.016273615772,4.91199415155155
2010-06-21,2010,172,TRUE,8.6643734536422,"all",17.6486563185611,6.18803834414896,NA,NA
2010-06-21,2010,172,TRUE,8.6643734536422,"epi",21.3849407783418,8.76818950930626,34.7860617597293,NA
2010-06-21,2010,172,TRUE,8.6643734536422,"hypo",13.4931470602188,3.31838476981615,NA,NA
2010-07-05,2010,186,TRUE,9.29314029531215,"all",19.0635100569589,4.75655495216244,107.23453861472,4.01249974251366
2010-07-05,2010,186,TRUE,9.29314029531215,"epi",23.3831353008816,7.99495975469528,38.7302127251821,2.87250922288233
2010-07-05,2010,186,TRUE,9.29314029531215,"hypo",13.0705069400602,0.263625825344257,202.276727553368,5.59411072763269
2010-07-19,2010,200,TRUE,9.55453397037602,"all",20.5381028316432,4.18364142655172,NA,NA
2010-07-19,2010,200,TRUE,9.55453397037602,"epi",25.2212150249138,7.19911843618245,42.0307589114603,NA
2010-07-19,2010,200,TRUE,9.55453397037602,"hypo",14.0408017033698,0,NA,NA
2010-08-03,2010,215,TRUE,10.0726134565653,"all",20.8514552915034,3.53011799008145,112.885135146581,4.50072069036568
2010-08-03,2010,215,TRUE,10.0726134565653,"epi",24.9757783641161,5.57554969217238,31.7061565523307,4.54425813544415
2010-08-03,2010,215,TRUE,10.0726134565653,"hypo",13.7334727841163,0,252.988259811684,4.42558138458656
2010-08-16,2010,228,TRUE,12.2139792297448,"all",21.4667569618586,4.40575943065698,NA,NA
2010-08-16,2010,228,TRUE,12.2139792297448,"epi",24.4731057707026,6.05502831777132,33.1548293280269,NA
2010-08-16,2010,228,TRUE,12.2139792297448,"hypo",13.4371918526308,0.000777589311524801,NA,NA
2010-08-30,2010,242,TRUE,11.8065950962305,"all",20.6376014407336,4.33968317727289,126.401027682755,4.7503469294203
2010-08-30,2010,242,TRUE,11.8065950962305,"epi",24.0036256736894,6.36385758615058,36.4250367466928,4.77006246937776
2010-08-30,2010,242,TRUE,11.8065950962305,"hypo",13.4212071400803,7.07274461338767e-05,319.299884984348,4.70807893004278
2010-10-05,2010,278,TRUE,17.1049508168266,"all",16.5072406613497,5.60423075748159,243.809481576842,4.53458708940536
2010-10-05,2010,278,TRUE,17.1049508168266,"epi",16.8509548716701,6.12097068483153,212.338044337672,4.54203219397478
2010-10-05,2010,278,TRUE,17.1049508168266,"hypo",12.7795361676412,0,585.128561490839,4.4538422469571
2010-11-09,2010,313,FALSE,NA,"all",10.8199571893369,10.2888929987781,105.505390053152,NA
2011-01-19,2011,19,FALSE,NA,"all",1.91771373526032,10.3505173284507,91.4334483122139,NA
2011-04-18,2011,108,FALSE,NA,"all",6.02210708966247,13.4581798460836,67.2120938579178,4.05751451701579
2011-05-02,2011,122,FALSE,NA,"all",7.84919200564114,11.806569537106,76.6343186646586,NA
2011-05-17,2011,137,TRUE,12.7576995945744,"all",10.4407919811302,9.5286617050955,69.7784151269052,4.21375424047809
2011-05-17,2011,137,TRUE,12.7576995945744,"epi",10.6326649318843,9.8048982090923,68.2339851523037,4.19355655900811
2011-05-17,2011,137,TRUE,12.7576995945744,"hypo",9.92832438380849,8.79087007297925,73.9033859224511,4.2676996103372
2011-05-31,2011,151,TRUE,13.4559752182555,"all",13.6993676413455,7.29517698512218,NA,NA
2011-05-31,2011,151,TRUE,13.4559752182555,"epi",14.443030653557,7.78632157316368,73.1462550607287,NA
2011-05-31,2011,151,TRUE,13.4559752182555,"hypo",11.2063363486846,5.64868010803909,NA,NA
2011-06-13,2011,164,TRUE,11.4192863320963,"all",16.3029390796578,8.28288700535569,89.0257866371005,4.32924350305406
2011-06-13,2011,164,TRUE,11.4192863320963,"epi",18.0458925363384,9.65087375469541,69.9961620120856,4.33532663726931
2011-06-13,2011,164,TRUE,11.4192863320963,"hypo",12.5662341361973,5.35007039499048,129.823257238476,4.31620191688504
2011-06-27,2011,178,TRUE,11.2636655441658,"all",17.4792482993459,6.78977261058531,NA,NA
2011-06-27,2011,178,TRUE,11.2636655441658,"epi",19.7485546300833,8.83578311285318,NA,NA
2011-06-27,2011,178,TRUE,11.2636655441658,"hypo",12.6140993466926,2.40334592265932,NA,NA
2011-07-11,2011,192,TRUE,9.53613118243088,"all",20.0877516799024,6.04756577616217,106.247904257088,7.69291920379164
2011-07-11,2011,192,TRUE,9.53613118243088,"epi",24.318263702568,9.36301264852434,36.8173629743197,7.43343522422384
2011-07-11,2011,192,TRUE,9.53613118243088,"hypo",14.2183833189358,1.44774928330014,202.575114794856,8.052924577064
2011-07-25,2011,206,TRUE,9.01456167180464,"all",20.5690627809817,4.67113360318958,NA,NA
2011-07-25,2011,206,TRUE,9.01456167180464,"epi",25.6334994250671,7.96590647757762,22,NA
2011-07-25,2011,206,TRUE,9.01456167180464,"hypo",13.5427160774011,0.1,NA,NA
2011-08-04,2011,216,TRUE,8.78519183399613,"all",20.9397713889041,3.08403389566348,102.709933350421,NA
2011-08-04,2011,216,TRUE,8.78519183399613,"epi",26.4603637901861,5.76702622673435,14.3925549915398,NA
2011-08-04,2011,216,TRUE,8.78519183399613,"hypo",14.7997483039359,0.1,200.936844977057,NA
2011-08-22,2011,234,TRUE,10.651147688324,"all",20.3110836249514,4.90404365354353,NA,NA
2011-08-22,2011,234,TRUE,10.651147688324,"epi",24.1884784520668,7.62423922603342,19.2883025505717,NA
2011-08-22,2011,234,TRUE,10.651147688324,"hypo",13.6192633994914,0.209381242097441,NA,NA
2011-09-12,2011,255,TRUE,11.9466042446011,"all",19.3073883430568,7.0211228028461,135.106820627537,NA
2011-09-12,2011,255,TRUE,11.9466042446011,"epi",22.0675975828842,10.249420218847,24.2244406336763,NA
2011-09-12,2011,255,TRUE,11.9466042446011,"hypo",13.3897962972591,0.1,372.826729829717,NA
2011-10-03,2011,276,TRUE,16.7546913604732,"all",15.4156400179704,6.85291959117244,246.086902764541,NA
2011-10-03,2011,276,TRUE,16.7546913604732,"epi",15.6822112960161,7.72972768532526,208.118475794251,NA
2011-10-03,2011,276,TRUE,16.7546913604732,"hypo",13.3961529043968,0.21040858923811,533.727602660194,NA
2011-10-31,2011,304,FALSE,NA,"all",12.1997881729852,10.898173297418,116.496386566681,NA
2012-02-22,2012,53,FALSE,NA,"all",2.89720526259793,16.0995331334595,61.0173699585449,4.35074354164569
2012-03-21,2012,81,FALSE,NA,"all",6.89375032107485,13.9296789634389,73.4367425392044,NA
2012-04-04,2012,95,FALSE,NA,"all",7.99431964757214,12.8742152273569,57.2114395548862,NA
2012-04-17,2012,108,TRUE,8.97844120114596,"all",9.99023211919589,10.2343574245679,62.3718111919472,4.59181228004483
2012-04-17,2012,108,TRUE,8.97844120114596,"epi",10.0855752961083,10.2941201353638,58.7376797800338,4.54850941201354
2012-04-17,2012,108,TRUE,8.97844120114596,"hypo",9.88419108868975,10.1678891187712,66.4137054563698,4.63997388844318
2012-05-01,2012,122,FALSE,NA,"all",10.5438350735869,9.4492254167484,66.8873485078409,NA
2012-05-14,2012,135,TRUE,9.6898476864726,"all",13.5280362479737,8.95866030419652,91.8877544251909,NA
2012-05-14,2012,135,TRUE,9.6898476864726,"epi",14.5452280567267,9.79791107704101,81.9805361249521,NA
2012-05-14,2012,135,TRUE,9.6898476864726,"hypo",12.1167949165833,7.79429251451546,105.632926008458,NA
2012-05-29,2012,150,TRUE,11.7483206132771,"all",16.7722446389163,7.31281966697125,NA,NA
2012-05-29,2012,150,TRUE,11.7483206132771,"epi",18.8805487506124,8.5223746529479,54.1740160052262,NA
2012-05-29,2012,150,TRUE,11.7483206132771,"hypo",12.2522671453711,4.71966373491665,NA,NA
2012-06-11,2012,163,TRUE,10.7305284017856,"all",17.8286296352259,7.20544113634388,86.7853739258687,4.54453086729346
2012-06-11,2012,163,TRUE,10.7305284017856,"epi",20.5793491644679,9.90932277924362,45.1383905013193,4.59242546174143
2012-06-11,2012,163,TRUE,10.7305284017856,"hypo",13.0812873084598,2.53893419754262,158.662017506457,4.46187175463984
2012-06-25,2012,177,TRUE,11.371745768903,"all",19.9296408833365,6.18546345390194,NA,NA
2012-06-25,2012,177,TRUE,11.371745768903,"epi",22.6859545974196,8.64122162338723,35.1740160052262,NA
2012-06-25,2012,177,TRUE,11.371745768903,"hypo",14.0204004261889,0.92058179186624,NA,NA
2012-07-10,2012,192,TRUE,9.78350699915095,"all",21.5430686311458,4.36114409407836,90.6839383871335,4.4938152714704
2012-07-10,2012,192,TRUE,9.78350699915095,"epi",25.8084131851284,7.26389421234189,19.4540053660406,4.57154656956688
2012-07-10,2012,192,TRUE,9.78350699915095,"hypo",15.625373978669,0.3338987836648,189.507606299641,4.38597167730023
2012-07-23,2012,205,TRUE,10.1511854377597,"all",21.3737058273327,3.65432976388774,NA,NA
2012-07-23,2012,205,TRUE,10.1511854377597,"epi",25.2464555848725,5.77173262972735,19.6441512752858,NA
2012-07-23,2012,205,TRUE,10.1511854377597,"hypo",14.6899023171988,0,NA,NA
2012-08-06,2012,219,TRUE,11.0789718606859,"all",21.6601515644916,4.2380237534141,98.9041421601735,4.5603302139324
2012-08-06,2012,219,TRUE,11.0789718606859,"epi",25.1331536828352,6.21481300016332,14.9256083619141,4.68305160868855
2012-08-06,2012,219,TRUE,11.0789718606859,"hypo",14.2144081715619,0,278.945095741434,4.29722872909584
2012-08-20,2012,233,TRUE,12.3041779234729,"all",20.1097485119865,4.74540651958165,NA,NA
2012-08-20,2012,233,TRUE,12.3041779234729,"epi",22.4737639675494,6.52213378233583,18.6903413439461,NA
2012-08-20,2012,233,TRUE,12.3041779234729,"hypo",13.7957719155844,0,NA,NA
2012-09-04,2012,248,TRUE,11.8747309008266,"all",20.6426349524142,4.78908611940845,121.103999639275,4.66286450530555
2012-09-04,2012,248,TRUE,11.8747309008266,"epi",23.5938918830639,7.02291360444227,19.3657520823126,4.8605563040993
2012-09-04,2012,248,TRUE,11.8747309008266,"hypo",14.3154571841775,0,339.219871367217,4.23903452923661
2012-10-01,2012,275,TRUE,16.8449730879808,"all",16.3640399556567,7.38263241109011,213.869950866431,4.55309774328724
2012-10-01,2012,275,TRUE,16.8449730879808,"epi",16.7316439737771,8.34391074130106,170.974281391831,4.54787096570852
2012-10-01,2012,275,TRUE,16.8449730879808,"hypo",13.5791503646459,0.100192927548594,538.838388453309,4.59269469477846
2012-10-29,2012,303,FALSE,NA,"all",11.8,8.7,60.7129972162474,5.07456039368576
2012-11-29,2012,334,FALSE,NA,"all",6.0598724584196,11.498172851935,86.6299356963565,4.95225827166988
2013-02-12,2013,43,FALSE,NA,"all",0.986347507062405,14.3740149826752,71.4540266737952,5
2013-04-29,2013,119,FALSE,NA,"all",5.15452577302927,15.0969571301734,70.9138742214227,6.08304879568488
2013-05-14,2013,134,TRUE,9.02754913531057,"all",8.88770177735176,12.4703831837666,68.8734850784089,6.37543239755055
2013-05-14,2013,134,TRUE,9.02754913531057,"epi",9.2171713300115,12.7403602912993,68.0615178229207,6.40420994633959
2013-05-14,2013,134,TRUE,9.02754913531057,"hypo",8.4305991481848,12.0958197539386,70,6.33550672579648
2013-05-28,2013,148,TRUE,11.9621588365691,"all",12.2665901227156,10.9631895307764,NA,NA
2013-05-28,2013,148,TRUE,11.9621588365691,"epi",13.7970112689858,11.1260166585007,58.3480320104524,NA
2013-05-28,2013,148,TRUE,11.9621588365691,"hypo",8.98553161772513,10.6141056635251,NA,NA
2013-06-10,2013,161,TRUE,10.760054284506,"all",14.322048292934,9.00659605202639,77.5038364738065,4.26626357856009
2013-06-10,2013,161,TRUE,10.760054284506,"epi",16.821125769569,10.1602462620932,46.5149516270888,4.12027308707124
2013-06-10,2013,161,TRUE,10.760054284506,"hypo",10.0090035944196,7.01556337337224,130.986150147802,4.51822195969734
2013-06-24,2013,175,TRUE,8.76515379529461,"all",16.3375588961129,7.40555295233283,NA,NA
2013-06-24,2013,175,TRUE,8.76515379529461,"epi",20.9896996615905,10.6759517766497,37.8606175972927,NA
2013-06-24,2013,175,TRUE,8.76515379529461,"hypo",11.1634309007331,3.76820340381415,NA,NA
2013-07-08,2013,189,TRUE,9.4602938511193,"all",18.4719802489269,3.56649256073212,111.511556674906,4.55722572216926
2013-07-08,2013,189,TRUE,9.4602938511193,"epi",23.6988692985818,5.56052127251821,34.0987926408586,4.7271162322729
2013-07-08,2013,189,TRUE,9.4602938511193,"hypo",11.2202487682072,0.799997874246874,218.913220001258,4.32152139619444
2013-07-22,2013,203,TRUE,8.65177325092928,"all",18.6646173079742,3.79902283734642,NA,NA
2013-07-22,2013,203,TRUE,8.65177325092928,"epi",24.3779610829103,7.10463197969543,30,NA
2013-07-22,2013,203,TRUE,8.65177325092928,"hypo",12.3102154393774,0.122512244173192,NA,NA
2013-08-05,2013,217,TRUE,10.1436106614421,"all",17.6827738535862,3.97948796625855,123.232696030282,4.78450902205865
2013-08-05,2013,217,TRUE,10.1436106614421,"epi",21.7432541776605,6.2273526824978,39.2191292875989,4.81099912049252
2013-08-05,2013,217,TRUE,10.1436106614421,"hypo",10.6749746561192,0.1,268.227908075779,4.73879096022122
2013-08-21,2013,233,TRUE,9.92887205098094,"all",18.5702540026309,4.27654711112855,NA,NA
2013-08-21,2013,233,TRUE,9.92887205098094,"epi",23.3822154082024,7.2869106937524,20,NA
2013-08-21,2013,233,TRUE,9.92887205098094,"hypo",11.8941888179116,0.1,NA,NA
2013-09-04,2013,247,TRUE,10.5981112340982,"all",19.0768464818843,3.94930627612958,114.407674417038,5.79872106302104
2013-09-04,2013,247,TRUE,10.5981112340982,"epi",23.4621987686895,6.2376253298153,21.2524186455585,5.966
2013-09-04,2013,247,TRUE,10.5981112340982,"hypo",11.5083654689661,0,275.180113767312,5.51002191741405
2013-09-30,2013,273,TRUE,13.0190390557194,"all",16.9481520334604,5.63548160660682,169.640500533065,4.02506178807382
2013-09-30,2013,273,TRUE,13.0190390557194,"epi",18.7608877964141,7.2866975130133,109.024002313476,3.94884904569115
2013-09-30,2013,273,TRUE,13.0190390557194,"hypo",10.871196600475,0.1,372.849244858747,4.28055486563657
2013-10-29,2013,302,FALSE,NA,"all",11.5,8.42338785304342,85.8196203520202,4.1745559203505
2013-12-02,2013,336,FALSE,NA,"all",4.5,14.2347338576312,80,5.21417126458215
2014-02-03,2014,34,FALSE,NA,"all",0.810029153972292,10.7694833183014,79.8530490088039,5.00825430661318
2014-04-29,2014,119,FALSE,NA,"all",6.28082151524423,12.1,87.693236570019,4.68730513990648
2014-05-14,2014,134,TRUE,15.1001820094551,"all",10.5816403155151,13.2174112578181,82.1209385791778,4.63365454141282
2014-05-14,2014,134,TRUE,15.1001820094551,"epi",10.9183035714286,13.5754464285714,80.9430803571429,4.6423962710084
2014-05-14,2014,134,TRUE,15.1001820094551,"hypo",8.70050329929497,11.2168566948163,88.7023301103603,4.58480932044144
2014-05-28,2014,148,TRUE,6.54179976950811,"all",12.9076640927492,10.2513403506745,NA,NA
2014-05-28,2014,148,TRUE,6.54179976950811,"epi",16.2296095444685,11.7986171366594,NA,NA
2014-05-28,2014,148,TRUE,6.54179976950811,"hypo",10.5921682433485,9.17284191417315,NA,NA
2014-06-09,2014,160,TRUE,7.1627886219816,"all",14.5570538941411,7.76349245771086,74.8264731616886,4.69776954527083
2014-06-09,2014,160,TRUE,7.1627886219816,"epi",19.0950687529635,9.02259364627786,53.4459459459459,4.91557669511617
2014-06-09,2014,160,TRUE,7.1627886219816,"hypo",10.5366240881925,6.64799854579061,93.7684360153254,4.5048044747655
2014-06-23,2014,174,TRUE,7.92880962771447,"all",16.2777766473154,6.48816953998117,NA,NA
2014-06-23,2014,174,TRUE,7.92880962771447,"epi",21.411356092935,9.0802987197724,30,NA
2014-06-23,2014,174,TRUE,7.92880962771447,"hypo",11.7297096055671,4.19168666376467,NA,NA
2014-07-07,2014,188,TRUE,8.55665495918202,"all",17.1047711309305,4.83875790970369,98.2839661658889,4.52389784220761
2014-07-07,2014,188,TRUE,8.55665495918202,"epi",22.4125211505922,8.05642978003384,39.3416878172589,4.71416137901861
2014-07-07,2014,188,TRUE,8.55665495918202,"hypo",11.2014721222235,1.26005147249378,163.839783990289,4.31228603982641
2014-07-21,2014,202,TRUE,9.4013138860633,"all",17.4951700835895,4.55585420709148,NA,NA
2014-07-21,2014,202,TRUE,9.4013138860633,"epi",22.0873514756612,7.71699885013415,NA,NA
2014-07-21,2014,202,TRUE,9.4013138860633,"hypo",11.1240254027472,0.170115021643371,NA,NA
2014-08-04,2014,216,TRUE,9.48782134005989,"all",18.1778060511925,4.83139630453145,91.1342593057308,4.63694378683525
2014-08-04,2014,216,TRUE,9.48782134005989,"epi",22.840398620161,8.24164430816405,29.5796282100422,4.71309888846301
2014-08-04,2014,216,TRUE,9.48782134005989,"hypo",11.7089736361651,0.100053708568563,176.534514000283,4.53128699124516
2014-08-20,2014,232,TRUE,10.1569470289255,"all",18.6884524249734,4.69733980356135,NA,NA
2014-08-20,2014,232,TRUE,10.1569470289255,"epi",22.8919085312225,7.24174142480211,30,NA
2014-08-20,2014,232,TRUE,10.1569470289255,"hypo",11.4338977967162,0.306072215426962,NA,NA
2014-09-02,2014,245,TRUE,11.1998382242687,"all",19.3114161787271,4.72752060316997,91.3851173640165,4.73216239627728
2014-09-02,2014,245,TRUE,11.1998382242687,"epi",22.8531275518537,6.93259839947738,23.5766780989711,4.74649028254124
2014-09-02,2014,245,TRUE,11.1998382242687,"hypo",11.7183675258519,7.07274461338767e-05,236.759125625028,4.70144494755445
2014-09-28,2014,271,TRUE,10.7312251865816,"all",16.6951175151577,6.8614064856314,NA,4.3959721885417
2014-09-28,2014,271,TRUE,10.7312251865816,"epi",18.8405628847845,9.91410729991205,NA,4.41681530343008
2014-09-28,2014,271,TRUE,10.7312251865816,"hypo",12.9923904633013,1.59288832791813,NA,4.36
2014-10-30,2014,303,FALSE,NA,"all",12.1966689020591,8.25829812948217,94.5397288585388,4.31937243157869
2015-02-11,2015,42,FALSE,NA,"all",0.717645353410111,11.7564400249208,112.625618243835,4.53657799528409
2015-04-10,2015,100,FALSE,NA,"all",4.01102547951895,13.3497800546716,107.324091047045,NA
2015-04-24,2015,114,FALSE,NA,"all",7.18823836052068,12.6481894464521,85.450573123738,4.6400909954094
2015-05-01,2015,121,TRUE,9.96676260664355,"all",8.30487514372935,12.921144403199,NA,NA
2015-05-01,2015,121,TRUE,9.96676260664355,"epi",8.64612878497509,13.3876581065542,74.3168838635493,NA
2015-05-01,2015,121,TRUE,9.96676260664355,"hypo",7.83142339267386,12.2739081453274,NA,NA
2015-05-13,2015,133,TRUE,9.58508196116071,"all",11.0585086151479,10.4245543513931,75.6300509283085,4.60254539519073
2015-05-13,2015,133,TRUE,9.58508196116071,"epi",12.3929474894596,10.8981410502108,70.4910406285933,4.49599870640092
2015-05-13,2015,133,TRUE,9.58508196116071,"hypo",9.20712200601731,9.76750509321276,82.7598603457569,4.75036716257921
2015-05-27,2015,147,TRUE,11.7033686762738,"all",13.8453281148113,8.53518602613112,NA,NA
2015-05-27,2015,147,TRUE,11.7033686762738,"epi",15.3395394414503,9.35887636779356,55.1828352114976,NA
2015-05-27,2015,147,TRUE,11.7033686762738,"hypo",10.6418995726287,6.76928243313871,NA,NA
2015-06-08,2015,159,TRUE,9.66175059095154,"all",15.8998182503211,7.30183472840225,84.3834893533854,5.2457951761504
2015-06-08,2015,159,TRUE,9.66175059095154,"epi",18.7132234572633,8.97805672671522,55.9083461096205,5.44350325795324
2015-06-08,2015,159,TRUE,9.66175059095154,"hypo",11.996529140224,4.9762617693505,123.889606800521,4.97149704064721
2015-06-23,2015,174,TRUE,10.1739284505782,"all",17.6446091085047,6.40027576082944,NA,NA
2015-06-23,2015,174,TRUE,10.1739284505782,"epi",20.8123658751099,8.69558487247142,53.8220756376429,NA
2015-06-23,2015,174,TRUE,10.1739284505782,"hypo",12.1775210905748,2.4389056600716,NA,NA
2015-07-08,2015,189,TRUE,9.98715747577974,"all",17.8746339890931,4.73177496500929,116.185288291133,5.08301218819316
2015-07-08,2015,189,TRUE,9.98715747577974,"epi",21.8574549635876,7.97968570333461,41.3720295132235,5.16847882330395
2015-07-08,2015,189,TRUE,9.98715747577974,"hypo",12.3489096110866,0.225657401783711,219.980425073465,4.96443666793699
2015-07-20,2015,201,TRUE,10.4375779414288,"all",19.5085880301064,4.83093923928328,NA,NA
2015-07-20,2015,201,TRUE,10.4375779414288,"epi",23.4738082673703,7.63009674582234,NA,NA
2015-07-20,2015,201,TRUE,10.4375779414288,"hypo",12.6651939046065,0,NA,NA
2015-08-03,2015,215,TRUE,10.9807983658919,"all",19.8237565008473,4.66853866532042,105.135357442834,5.30209989536954
2015-08-03,2015,215,TRUE,10.9807983658919,"epi",23.8020052770449,7.3504837291117,34.0071240105541,5.41147933157432
2015-08-03,2015,215,TRUE,10.9807983658919,"hypo",12.9578770097263,0.039891075463692,227.892355970493,5.11332687738182
2015-08-18,2015,230,TRUE,10.0347001243965,"all",20.0047780380317,3.43525240330821,NA,NA
2015-08-18,2015,230,TRUE,10.0347001243965,"epi",23.9424098504837,5.42571679859279,22.1779243623571,NA
2015-08-18,2015,230,TRUE,10.0347001243965,"hypo",13.2089975261504,0,NA,NA
2015-08-31,2015,243,TRUE,11.2328485467473,"all",18.3154622755217,5.56209943341489,113.522155692405,5.02371862410789
2015-08-31,2015,243,TRUE,11.2328485467473,"epi",20.9274211987588,8.15645925200065,29.6214274048669,4.97156540911318
2015-08-31,2015,243,TRUE,11.2328485467473,"hypo",12.7157029800761,7.07274461338767e-05,293.396302618316,5.13552951357319
2015-10-07,2015,280,TRUE,14.9162759334503,"all",16.1966684623675,5.91937650870516,185.299586926301,4.97637161032389
2015-10-07,2015,280,TRUE,14.9162759334503,"epi",17.1080538757559,7.30486531061023,132.428738317757,4.97525706661169
2015-10-07,2015,280,TRUE,14.9162759334503,"hypo",12.3028561132744,0,411.185540546708,4.98113339826387
2015-11-02,2015,306,FALSE,NA,"all",12.348177864119,8.75405957437901,96.3633912747309,4.60492495283998
2016-01-27,2016,27,FALSE,NA,"all",1.56056496072017,13.3557521868263,81.146054087357,5.18882257026062
2016-03-28,2016,88,FALSE,NA,"all",4.46783613352887,15.2121191389618,88.0987880627271,NA
2016-04-12,2016,103,FALSE,NA,"all",5.34800122969767,11.5129644515916,67.7833321431886,4.54326328479975
2016-04-25,2016,116,TRUE,7.01747709914433,"all",8.29028223880811,12.1666471426354,NA,NA
2016-04-25,2016,116,TRUE,7.01747709914433,"epi",10.3219535324798,13.4045756282598,50.4029160739687,NA
2016-04-25,2016,116,TRUE,7.01747709914433,"hypo",6.49033400613804,11.0699110727741,NA,NA
2016-05-11,2016,132,TRUE,13.1615405418541,"all",10.2473517170553,9.03897686054712,61.8573168217214,4.71678800139301
2016-05-11,2016,132,TRUE,13.1615405418541,"epi",10.4685511856564,9.0825043377675,59.4403556969346,4.70327790630422
2016-05-11,2016,132,TRUE,13.1615405418541,"hypo",9.50580993255426,8.89305678516474,69.9598573787935,4.76207879745266
2016-05-23,2016,144,TRUE,6.31445822226989,"all",11.842448733428,9.4534503848454,NA,NA
2016-05-23,2016,144,TRUE,6.31445822226989,"epi",13.5934924078091,11.5096529284165,52.2573210412148,NA
2016-05-23,2016,144,TRUE,6.31445822226989,"hypo",10.6219186497536,8.02021539517941,NA,NA
2016-06-07,2016,159,TRUE,9.4137944812897,"all",15.7613412219389,7.81217772965444,73.2028327013447,4.77494078427817
2016-06-07,2016,159,TRUE,9.4137944812897,"epi",19.0067458796474,9.46753545419701,42.9744154848601,4.85980643924875
2016-06-07,2016,159,TRUE,9.4137944812897,"hypo",11.2587005688848,5.51555164693501,115.141424215084,4.65719905761522
2016-06-20,2016,172,TRUE,9.96490839316911,"all",18.2862163222559,5.53177296133851,NA,NA
2016-06-20,2016,172,TRUE,9.96490839316911,"epi",22.7078957454964,7.83372939823687,24.3876964354159,NA
2016-06-20,2016,172,TRUE,9.96490839316911,"hypo",12.1516242988647,2.33806255307885,NA,NA
2016-07-05,2016,187,TRUE,9.11187742818817,"all",17.9533960363752,5.00583583175651,111.95884914162,4.73561240529101
2016-07-05,2016,187,TRUE,9.11187742818817,"epi",22.5600804906094,8.4619202759678,30.9506995017248,4.71907100421617
2016-07-05,2016,187,TRUE,9.11187742818817,"hypo",11.5621299579958,0.210900235071604,224.348713046856,4.75856177302583
2016-07-18,2016,200,TRUE,9.84161152207955,"all",19.0837982417723,4.02447038098197,NA,NA
2016-07-18,2016,200,TRUE,9.84161152207955,"epi",23.8163280950556,6.91627060176313,22.8061517822921,NA
2016-07-18,2016,200,TRUE,9.84161152207955,"hypo",12.5179355661973,0.0124168443997023,NA,NA
2016-08-01,2016,214,TRUE,9.94521786441124,"all",19.6499290672589,3.50443590002521,86.9172657271253,4.68496016256224
2016-08-01,2016,214,TRUE,9.94521786441124,"epi",24.4616711383672,6.03035645841319,18.8625431199693,4.68693464929092
2016-08-01,2016,214,TRUE,9.94521786441124,"hypo",12.9741681848918,0,181.335679750003,4.68222078021978
2016-08-15,2016,228,TRUE,10.0550428703049,"all",20.57775905397,3.51549501339288,NA,NA
2016-08-15,2016,228,TRUE,10.0550428703049,"epi",25.0642216358839,5.55245382585752,15.6013192612137,NA
2016-08-15,2016,228,TRUE,10.0550428703049,"hypo",12.8347763593869,0,NA,NA
2016-08-30,2016,243,TRUE,10.9004462413912,"all",19.8120293856256,4.05222396659349,118.497800080073,4.27498302709537
2016-08-30,2016,243,TRUE,10.9004462413912,"epi",23.8106772207564,6.40017590149516,43.542656112577,4.3035708003518
2016-08-30,2016,243,TRUE,10.9004462413912,"hypo",12.9109440820364,0,247.859490278928,4.22564468323096
2016-10-04,2016,278,TRUE,14.344974828039,"all",16.7467843997973,5.45493829555446,164.261858457005,4.38709790519503
2016-10-04,2016,278,TRUE,14.344974828039,"epi",17.929026937878,6.73172072567345,117.043224299065,4.37808216510903
2016-10-04,2016,278,TRUE,14.344974828039,"hypo",11.6957593046221,0,365.999233326674,4.42561684522564
2016-11-09,2016,314,TRUE,19.1819489783417,"all",13.2898265092291,6.95296369420378,95.4593648749634,4.52265419085378
2016-11-09,2016,314,TRUE,19.1819489783417,"epi",13.3313956170704,7.12552479815456,91.5372476931949,4.52061024605921
2016-11-09,2016,314,TRUE,19.1819489783417,"hypo",12.1235454379505,2.11151388620523,205.5,4.58
2017-02-06,2017,37,FALSE,NA,"all",0.92351525870698,11.8187849136306,113.557217699768,4.61632844449579
2017-04-17,2017,107,TRUE,17.2121029199388,"all",7.51548966470226,12.7420847721044,99.0269506171352,4.68784047704297
2017-04-17,2017,107,TRUE,17.2121029199388,"epi",7.53632161537526,12.7725824108989,99.8667437051454,4.68948546405547
2017-04-17,2017,107,TRUE,17.2121029199388,"hypo",7.28955965132265,12.4113268873028,89.9190918962441,4.67
2017-05-03,2017,123,FALSE,NA,"all",9.16886052160354,9.5844401732978,90.972273141136,NA
2017-05-15,2017,135,TRUE,9.59557522267639,"all",11.6950938995515,9.71322193737537,80.8147303122331,4.64533363325322
2017-05-15,2017,135,TRUE,9.59557522267639,"epi",12.7429858183212,10.8680337293982,72.2531621310847,4.70165820237639
2017-05-15,2017,135,TRUE,9.59557522267639,"hypo",10.2412595549645,8.11104807315847,92.6929609220184,4.56718951211956
2017-05-30,2017,150,TRUE,16.9204608444425,"all",14.7892422610588,7.41341483515285,NA,NA
2017-05-30,2017,150,TRUE,16.9204608444425,"epi",15.088590519415,7.6904563792234,92.1073499747857,NA
2017-05-30,2017,150,TRUE,16.9204608444425,"hypo",12.5214437395794,5.31460722063196,NA,NA
2017-06-12,2017,163,TRUE,8.65123044931403,"all",17.0284523325802,6.50862789759754,104.123385270468,5.17842308544632
2017-06-12,2017,163,TRUE,8.65123044931403,"epi",20.3252749576988,8.75674703891709,70.9961400169205,5.58502247250423
2017-06-12,2017,163,TRUE,8.65123044931403,"hypo",13.3617141360467,4.00826155606951,140.967628752553,4.72620175820439
2017-06-26,2017,177,TRUE,12.2546044990231,"all",18.1873770266548,5.39358416107057,NA,NA
2017-06-26,2017,177,TRUE,12.2546044990231,"epi",20.1547527935099,6.96531455686515,66.3096586560539,NA
2017-06-26,2017,177,TRUE,12.2546044990231,"hypo",12.9327732468777,1.19569750531761,NA,NA
2017-07-10,2017,191,TRUE,10.0240382425837,"all",19.1719953934527,5.41865415749008,114.681718945588,4.93242238013995
2017-07-10,2017,191,TRUE,10.0240382425837,"epi",22.6566754617414,8.50923482849604,50.6910729991205,4.98258927000879
2017-07-10,2017,191,TRUE,10.0240382425837,"hypo",13.1579437943848,0.0847608696509459,225.120278307722,4.84584161567277
2017-07-24,2017,205,TRUE,10.5175893428057,"all",20.2251617755893,3.53016298363314,NA,NA
2017-07-24,2017,205,TRUE,10.5175893428057,"epi",23.5230255057168,5.57525065963061,46,NA
2017-07-24,2017,205,TRUE,10.5175893428057,"hypo",14.5335280384865,0.000638732614370079,NA,NA
2017-08-07,2017,219,TRUE,11.3555819070662,"all",19.4943579677898,3.68076984290131,109.010131626291,4.85259905886455
2017-08-07,2017,219,TRUE,11.3555819070662,"epi",22.3348521966356,5.39728891066471,41.4134411236322,4.93204393271272
2017-08-07,2017,219,TRUE,11.3555819070662,"hypo",13.4046435315742,0.000737389096495785,253.930173291609,4.68227778510752
2017-08-23,2017,235,TRUE,12.3040013810067,"all",19.8772507560705,4.75285744407837,NA,NA
2017-08-23,2017,235,TRUE,12.3040013810067,"epi",22.3987601408235,6.53237410071942,32.8451706719731,NA
2017-08-23,2017,235,TRUE,12.3040013810067,"hypo",13.1426284398436,8.17654805838279e-07,NA,NA
2017-09-06,2017,249,TRUE,14.0028376920618,"all",18.2959320801111,5.2627574113464,101.136491061537,4.56811536209755
2017-09-06,2017,249,TRUE,14.0028376920618,"epi",19.5950109950522,6.49359538207807,42.9817894447499,4.59190351841671
2017-09-06,2017,249,TRUE,14.0028376920618,"hypo",12.7457340550653,0.00411269335716957,349.59723224388,4.46648260006625
2017-09-25,2017,268,TRUE,10.3532782677685,"all",18.9416923085612,3.95510869109893,NA,NA
2017-09-25,2017,268,TRUE,10.3532782677685,"epi",21.3393315743184,5.96239226033421,23.7116974494283,NA
2017-09-25,2017,268,TRUE,10.3532782677685,"hypo",14.8037152266948,0.490828836773392,NA,NA
2017-10-04,2017,277,TRUE,14.1700376156495,"all",17.9423077420947,3.24144506108845,236.525325361259,5.09010256835019
2017-10-04,2017,277,TRUE,14.1700376156495,"epi",19.1965503023639,4.00013743815283,181.757009345794,5.03441233736485
2017-10-04,2017,277,TRUE,14.1700376156495,"hypo",12.5836690167095,0,470.518038111813,5.32803408003449
2017-11-02,2017,306,FALSE,NA,"all",11.4949769578361,8.97962160712374,106.231829451301,4.55334529276953
2017-12-19,2017,353,FALSE,NA,"all",2.30211827014765,14.9414308183314,127.71291912003,5.15280300435475
2018-01-23,2018,23,FALSE,NA,"all",1.20882301065019,15.5150664615014,119.478546065415,4.55866647487551
2018-04-05,2018,95,FALSE,NA,"all",3.1366088943299,15.0665108218564,158.535530601932,NA
2018-04-20,2018,110,FALSE,NA,"all",3.53899222792576,14.9739851502436,135.787783076313,4.76580893010129
2018-05-07,2018,127,TRUE,6.33422866529926,"all",9.14231442066318,14.6387619167111,NA,NA
2018-05-07,2018,127,TRUE,6.33422866529926,"epi",11.1465835140998,16.6847071583514,96.6117136659436,NA
2018-05-07,2018,127,TRUE,6.33422866529926,"hypo",7.74527860704605,13.2126765748621,NA,NA
2018-05-14,2018,134,TRUE,11.2870655702891,"all",10.2331702159402,11.8347204952598,106.469143051769,4.90574490306375
2018-05-14,2018,134,TRUE,11.2870655702891,"epi",11.0126735260493,12.2097664543524,102.194992242365,4.916460885187
2018-05-14,2018,134,TRUE,11.2870655702891,"hypo",8.56199887102331,11.0306622549235,115.632463160736,4.88277098874577
2018-05-29,2018,149,TRUE,4.57288989642676,"all",13.5556604242508,9.08985435447282,NA,NA
2018-05-29,2018,149,TRUE,4.57288989642676,"epi",21.0239611650485,11.7962330097087,81.9640776699029,NA
2018-05-29,2018,149,TRUE,4.57288989642676,"hypo",10.5527225137534,8.0016433482432,NA,NA
2018-06-11,2018,162,TRUE,7.86684072573414,"all",13.9222378459144,6.53930273575435,109.37906129553,5.39878249558279
2018-06-11,2018,162,TRUE,7.86684072573414,"epi",18.3705073494547,8.37271218587008,68.4774774774775,5.73514106211475
2018-06-11,2018,162,TRUE,7.86684072573414,"hypo",9.98131745378368,4.91500351482456,145.615599034693,5.10078743641234
2018-06-25,2018,176,TRUE,8.67543408708475,"all",16.0246503607572,5.40987836658107,NA,NA
2018-06-25,2018,176,TRUE,8.67543408708475,"epi",20.8201776649746,8.36493231810491,70.353320642978,NA
2018-06-25,2018,176,TRUE,8.67543408708475,"hypo",10.6910473319134,2.12325654036739,NA,NA
2018-07-09,2018,190,TRUE,8.31566668602794,"all",17.814422965774,5.11943508826067,105.142989788577,5.55781411554692
2018-07-09,2018,190,TRUE,8.31566668602794,"epi",24.1770093062606,9.2924703891709,37.9225359560068,5.81019247038917
2018-07-09,2018,190,TRUE,8.31566668602794,"hypo",10.7379311382631,0.478169945044177,179.905824700674,5.27711798508856
2018-07-23,2018,204,TRUE,8.78781586347202,"all",17.2731282579537,3.85402884028995,NA,NA
2018-07-23,2018,204,TRUE,8.78781586347202,"epi",23.2137055837563,7.31776649746193,38.6418147208122,NA
2018-07-23,2018,204,TRUE,8.78781586347202,"hypo",10.66599640196,0.00164713386821782,NA,NA
2018-08-06,2018,218,TRUE,9.47654030496836,"all",17.8787513666065,4.21830021997757,94.1881583276217,4.90201803760546
2018-08-06,2018,218,TRUE,9.47654030496836,"epi",23.6463395937141,7.21188194710617,22.9893637408969,5.01792065925642
2018-08-06,2018,218,TRUE,9.47654030496836,"hypo",9.87685947316648,0.0650360805447354,192.968625100288,4.74121594631567
2018-08-22,2018,234,TRUE,10.4180548365738,"all",18.5039195928998,5.43733258711678,NA,NA
2018-08-22,2018,234,TRUE,10.4180548365738,"epi",23.4505716798593,8.2238874230431,24.8220756376429,NA
2018-08-22,2018,234,TRUE,10.4180548365738,"hypo",9.96671666160715,0.628143726595903,NA,NA
2018-09-04,2018,247,TRUE,10.5117024163796,"all",18.2026290282265,5.58812944429139,98.3489174524045,5.58361416388828
2018-09-04,2018,247,TRUE,10.5117024163796,"epi",22.5189973614776,8.23672823218997,27.2398416886544,5.65423328935796
2018-09-04,2018,247,TRUE,10.5117024163796,"hypo",10.7532042982532,1.0170326826098,221.072852627103,5.46173581174897
2018-09-19,2018,262,TRUE,10.9376733687739,"all",17.8246369974949,6.10018822265703,NA,NA
2018-09-19,2018,262,TRUE,10.9376733687739,"epi",21.5808443271768,9.28117854001759,32.2207563764292,NA
2018-09-19,2018,262,TRUE,10.9376733687739,"hypo",11.3419687884165,0.610261018482769,NA,NA
2018-10-02,2018,275,TRUE,13.6775063176056,"all",15.0639016355503,6.41533375113914,169.499716264692,4.8086333065323
2018-10-02,2018,275,TRUE,13.6775063176056,"epi",16.6437536148062,8.17958357432042,113.884326200116,4.78073248023906
2018-10-02,2018,275,TRUE,13.6775063176056,"hypo",9.76765809864983,0.500920979442376,355.942910974896,4.90216711404721
2018-10-18,2018,291,TRUE,18.680306594798,"all",12.2492984788421,9.59428847379145,NA,NA
2018-10-18,2018,291,TRUE,18.680306594798,"epi",12.3906858694369,10.1514579152402,82.7611852201629,NA
2018-10-18,2018,291,TRUE,18.680306594798,"hypo",9.89172867981042,0.303743945193968,NA,NA
2018-10-29,2018,302,FALSE,NA,"all",10.5727587198522,9.41014008244791,117.40972469647,4.73293051848227
2018-11-14,2018,318,FALSE,NA,"all",6.85175330977295,12.2039160172312,129.549394031364,NA
2018-11-30,2018,334,FALSE,NA,"all",3.59383028425578,13.8768567172997,130.312190526708,4.20911342763737
2019-02-21,2019,52,FALSE,NA,"all",0.651990527754689,14.5018616833484,NA,NA
2019-04-03,2019,93,FALSE,NA,"all",2.29981066976108,14.8441036991165,NA,NA
2019-04-15,2019,105,FALSE,NA,"all",3.73897975507236,14.7525992817174,NA,NA
2019-04-29,2019,119,FALSE,NA,"all",7.19988707086061,16.2806925623071,NA,NA
2019-05-12,2019,132,TRUE,8.25172081982558,"all",9.08214393272556,13.6509465538009,NA,4.665
2019-05-12,2019,132,TRUE,8.25172081982558,"epi",9.60607021996616,13.7740693739425,NA,4.64
2019-05-12,2019,132,TRUE,8.25172081982558,"hypo",8.49943119745245,13.514008902367,NA,4.69
2019-05-28,2019,148,TRUE,12.9754985120846,"all",12.6548222441367,10.4579165683537,NA,4.35
2019-05-28,2019,148,TRUE,12.9754985120846,"epi",13.2732588397367,10.4825960508189,NA,NA
2019-05-28,2019,148,TRUE,12.9754985120846,"hypo",11.0030588507169,10.3920008932552,NA,4.35
2019-06-11,2019,162,TRUE,9.20315066090934,"all",15.7163369784412,8.50787926433829,NA,4.675
2019-06-11,2019,162,TRUE,9.20315066090934,"epi",18.5863165963971,9.54024530471445,NA,4.91
2019-06-11,2019,162,TRUE,9.20315066090934,"hypo",11.7345571191713,7.07558536188477,NA,4.44
2019-06-24,2019,175,TRUE,9.75151330472071,"all",16.2910328811953,6.86327974062123,NA,NA
2019-06-24,2019,175,TRUE,9.75151330472071,"epi",18.9133959371407,9.01715216558068,NA,NA
2019-06-24,2019,175,TRUE,9.75151330472071,"hypo",12.6527936635615,3.87501954968338,NA,NA
2019-07-08,2019,189,TRUE,8.29822266251038,"all",18.7034574022593,6.48761535812106,NA,4.885
2019-07-08,2019,189,TRUE,8.29822266251038,"epi",23.1130710659898,9.97296954314721,NA,5.03
2019-07-08,2019,189,TRUE,8.29822266251038,"hypo",13.7990689375704,2.61119167026076,NA,4.74
2019-07-22,2019,203,TRUE,9.60161866716774,"all",20.0419114879373,5.46222572592803,NA,NA
2019-07-22,2019,203,TRUE,9.60161866716774,"epi",24.4111920275968,8.56132617861249,NA,NA
2019-07-22,2019,203,TRUE,9.60161866716774,"hypo",13.9800171304062,1.16256600460132,NA,NA
2019-08-05,2019,217,TRUE,9.06573390763771,"all",20.121875226274,5.10037020075729,NA,5.545
2019-08-05,2019,217,TRUE,9.06573390763771,"epi",24.9006324262169,8.20205059409736,NA,4.56
2019-08-05,2019,217,TRUE,9.06573390763771,"hypo",13.4918772109478,0.797131096609779,NA,6.53
2019-09-04,2019,247,TRUE,12.3598828501742,"all",18.5806390981205,7.39237222402041,NA,4.735
2019-09-04,2019,247,TRUE,12.3598828501742,"epi",20.8249349456605,9.40901576611052,NA,4.61
2019-09-04,2019,247,TRUE,12.3598828501742,"hypo",12.5864179421526,2.00618064981554,NA,4.86
2019-10-04,2019,277,TRUE,15.4323803454447,"all",17.1467182452503,7.00546385574981,NA,10.325
2019-10-04,2019,277,TRUE,15.4323803454447,"epi",18.0064732142857,8.25921743697479,NA,4.84
2019-10-04,2019,277,TRUE,15.4323803454447,"hypo",12.34275800093,0,NA,15.81
2019-10-28,2019,301,FALSE,NA,"all",11.6981510233836,10.4866294991955,NA,NA
2019-11-20,2019,324,FALSE,NA,"all",4.87543384353241,14.2036180014118,NA,NA
2020-02-12,2020,43,FALSE,NA,"all",1.01895863748935,18.9452394746256,NA,NA
2020-05-07,2020,128,TRUE,17.2488254482733,"all",9.8389325352198,15.1209007292788,NA,NA
2020-05-07,2020,128,TRUE,17.2488254482733,"epi",9.90647123221019,15.3583505656246,NA,NA
2020-05-07,2020,128,TRUE,17.2488254482733,"hypo",9.10645102380479,12.5456716715347,NA,NA
2020-05-15,2020,136,TRUE,6.73837397385276,"all",10.2947410753008,12.1344625616542,NA,NA
2020-05-15,2020,136,TRUE,6.73837397385276,"epi",10.87318329718,12.4502711496746,NA,NA
2020-05-15,2020,136,TRUE,6.73837397385276,"hypo",9.89154945661054,11.9143344814692,NA,NA
2020-06-02,2020,154,TRUE,7.77371265898756,"all",14.4391256558501,9.08041190317029,NA,NA
2020-06-02,2020,154,TRUE,7.77371265898756,"epi",17.728093883357,10.3833333333333,NA,NA
2020-06-02,2020,154,TRUE,7.77371265898756,"hypo",11.5252819810152,7.92609568438296,NA,NA
2020-06-12,2020,164,TRUE,9.14733235837009,"all",15.9861889220496,7.46695074213773,NA,4.435
2020-06-12,2020,164,TRUE,9.14733235837009,"epi",19.1024338827137,9.46065542353392,NA,4.44
2020-06-12,2020,164,TRUE,9.14733235837009,"hypo",11.6627430887439,4.70090561204382,NA,4.43
2020-06-24,2020,176,TRUE,9.34592734169719,"all",17.5612608138319,7.45209411199896,NA,4.43
2020-06-24,2020,176,TRUE,9.34592734169719,"epi",21.436009965504,10.9722499041778,NA,4.53
2020-06-24,2020,176,TRUE,9.34592734169719,"hypo",12.1854741583014,2.56826659381834,NA,4.33
2020-07-08,2020,190,TRUE,6.81101121550723,"all",19.0839657430142,4.98043216852221,NA,4.59
2020-07-08,2020,190,TRUE,6.81101121550723,"epi",25.4639913232104,9.92947396963124,NA,4.41
2020-07-08,2020,190,TRUE,6.81101121550723,"hypo",14.6368961072476,1.53080124726575,NA,4.77
2020-07-22,2020,204,TRUE,8.84189841276678,"all",19.1278351186742,4.61490252222949,NA,4.385
2020-07-22,2020,204,TRUE,8.84189841276678,"epi",24.9543570219966,8.76419204737733,NA,4.34
2020-07-22,2020,204,TRUE,8.84189841276678,"hypo",12.647556121231,4.75177723170387e-05,NA,4.43
2020-08-06,2020,219,TRUE,9.65993019769595,"all",18.7035008368436,5.2873812567378,NA,4.595
2020-08-06,2020,219,TRUE,9.65993019769595,"epi",23.0328286699885,9.07228823303948,NA,4.85
2020-08-06,2020,219,TRUE,9.65993019769595,"hypo",12.6970364486151,0.0362407004914643,NA,4.34
2020-08-20,2020,233,TRUE,10.4497785091008,"all",19.4851231082959,5.12500251154915,NA,4.27
2020-08-20,2020,233,TRUE,10.4497785091008,"epi",23.5280914687775,8.09454705364996,NA,4.3
2020-08-20,2020,233,TRUE,10.4497785091008,"hypo",12.5075470161309,0,NA,4.24
2020-09-02,2020,246,TRUE,10.3100571517435,"all",18.8874411776424,4.24877102874119,NA,4.395
2020-09-02,2020,246,TRUE,10.3100571517435,"epi",22.5935971855761,6.71060686015831,NA,4.48
2020-09-02,2020,246,TRUE,10.3100571517435,"hypo",12.4911542792429,0,NA,4.31
2020-09-18,2020,262,TRUE,12.6240544309237,"all",16.5380426882199,6.28834773314721,NA,4.36
2020-09-18,2020,262,TRUE,12.6240544309237,"epi",18.2452318995867,8.64276748813715,NA,4.38
2020-09-18,2020,262,TRUE,12.6240544309237,"hypo",11.9783632238427,0,NA,4.34
2020-10-08,2020,282,TRUE,14.0996171949881,"all",14.5872741163148,9.59977058487426,NA,4.345
2020-10-08,2020,282,TRUE,14.0996171949881,"epi",15.113056624519,11.2290681693238,NA,4.26
2020-10-08,2020,282,TRUE,14.0996171949881,"hypo",12.3409155578967,2.63874294335206,NA,4.43
2020-11-03,2020,308,FALSE,NA,"all",8.8240574139762,11.6555154129911,NA,NA
2020-12-10,2020,345,FALSE,NA,"all",4.92028038708042,12.7244955548874,NA,NA
2021-03-03,2021,62,NA,NA,"epi",1.6,13.3,NA,NA
2021-03-03,2021,62,NA,NA,"hypo",2.4,1.6,NA,NA
2021-04-06,2021,96,NA,NA,"epi",6,16.6,NA,NA
2021-04-06,2021,96,NA,NA,"hypo",4.9,14.3,NA,NA
2021-04-22,2021,112,NA,NA,"epi",8.2,15.8,NA,NA
2021-04-22,2021,112,NA,NA,"hypo",7.6,15.1,NA,NA
2021-05-06,2021,126,NA,NA,"epi",11.5,10,NA,NA
2021-05-06,2021,126,NA,NA,"hypo",9.9,9.6,NA,NA
2021-05-17,2021,137,NA,NA,"epi",13.5,9.6,NA,NA
2021-05-17,2021,137,NA,NA,"hypo",10.2,6.8,NA,NA
2021-06-02,2021,153,NA,NA,"epi",16.8,10.9,NA,NA
2021-06-02,2021,153,NA,NA,"hypo",10.6,1.6,NA,NA
2021-06-16,2021,167,NA,NA,"epi",23.5,12.8,NA,NA
2021-06-16,2021,167,NA,NA,"hypo",10.8,0,NA,NA
2021-06-30,2021,181,NA,NA,"epi",22.6,12,NA,NA
2021-06-30,2021,181,NA,NA,"hypo",11.2,0,NA,NA
2021-07-16,2021,197,NA,NA,"epi",23.1,12.2,NA,NA
2021-07-16,2021,197,NA,NA,"hypo",11.4,0,NA,NA
2021-07-27,2021,208,NA,NA,"epi",25.5,10.9,NA,NA
2021-07-27,2021,208,NA,NA,"hypo",11.1,0,NA,NA
2021-08-12,2021,224,NA,NA,"epi",24.6,8.5,NA,NA
2021-08-12,2021,224,NA,NA,"hypo",11.6,0,NA,NA
2021-08-26,2021,238,NA,NA,"epi",25.2,8.6,NA,NA
2021-08-26,2021,238,NA,NA,"hypo",11.4,0,NA,NA
2021-09-10,2021,253,NA,NA,"epi",22.1,9.5,NA,NA
2021-09-10,2021,253,NA,NA,"hypo",11.5,0,NA,NA
2021-09-27,2021,270,NA,NA,"epi",19.1,8.7,NA,NA
2021-09-27,2021,270,NA,NA,"hypo",11.6,0,NA,NA
2021-10-08,2021,281,NA,NA,"epi",19.6,9.3,NA,NA
2021-10-08,2021,281,NA,NA,"hypo",11.6,0,NA,NA
2021-10-19,2021,292,NA,NA,"epi",17.2,7.9,NA,NA
2021-10-19,2021,292,NA,NA,"hypo",11.8,0.1,NA,NA
2021-11-04,2021,308,NA,NA,"epi",12.3,7,NA,NA
2021-11-04,2021,308,NA,NA,"hypo",12,7.9,NA,NA
2021-03-03,2021,62,NA,NA,"all",2,7.45,NA,NA
2021-04-06,2021,96,NA,NA,"all",5.45,15.45,NA,NA
2021-04-22,2021,112,NA,NA,"all",7.9,15.45,NA,NA
2021-05-06,2021,126,NA,NA,"all",10.7,9.8,NA,NA
2021-05-17,2021,137,NA,NA,"all",11.85,8.2,NA,NA
2021-06-02,2021,153,NA,NA,"all",13.7,6.25,NA,NA
2021-06-16,2021,167,NA,NA,"all",17.15,6.4,NA,NA
2021-06-30,2021,181,NA,NA,"all",16.9,6,NA,NA
2021-07-16,2021,197,NA,NA,"all",17.25,6.1,NA,NA
2021-07-27,2021,208,NA,NA,"all",18.3,5.45,NA,NA
2021-08-12,2021,224,NA,NA,"all",18.1,4.25,NA,NA
2021-08-26,2021,238,NA,NA,"all",18.3,4.3,NA,NA
2021-09-10,2021,253,NA,NA,"all",16.8,4.75,NA,NA
2021-09-27,2021,270,NA,NA,"all",15.35,4.35,NA,NA
2021-10-08,2021,281,NA,NA,"all",15.6,4.65,NA,NA
2021-10-19,2021,292,NA,NA,"all",14.5,4,NA,NA
2021-11-04,2021,308,NA,NA,"all",12.15,7.45,NA,NA
